actions,build_add_action_calls,build_add_actions_s,build_add_condition_calls,build_add_conditions_s,build_add_effect_calls,build_add_effects_s,build_add_fluent_calls,build_add_fluents_s,build_add_goal_calls,build_add_goals_s,build_add_object_calls,build_add_objects_s,build_create_action_calls,build_create_actions_s,build_create_fluents_s,build_create_objects_s,build_create_problem_s,build_create_types_s,build_set_durations_s,build_set_initial_value_calls,build_set_initial_values_s,build_total_s,configuration,cpu_s_delta,fluents,goals,loadavg_1m,maxrss_kb_after,maxrss_kb_before,objects,plan_action_count,planner,planning_s,problem_kind,run_id,status,success,supports,total_s
15,15,0.00012451499969756696,161,0.0006663129934167955,125,0.0018423279962007655,46,0.00046091299918771256,1,4.539000656222925e-06,47,0.00023893599609436933,15,0.00017129400475823786,0.00015553199955320451,3.989300057583023e-05,2.9556000299635343e-05,1.3234999642008916e-05,0.00014220900811778847,205,0.0008166069928847719,0.010339661001125933,direct_upf_node_problem,24.087513,46,1,1.40625,266968,130152,47,10,Tamer,24.07742540700019,"PROBLEM_CLASS: ['ACTION_BASED'] | PROBLEM_TYPE: ['GENERAL_NUMERIC_PLANNING'] | TIME: ['CONTINUOUS_TIME'] | EXPRESSION_DURATION: ['REAL_TYPE_DURATIONS', 'INT_TYPE_DURATIONS', 'STATIC_FLUENTS_IN_DURATIONS'] | CONDITIONS_KIND: ['NEGATIVE_CONDITIONS'] | EFFECTS_KIND: ['DECREASE_EFFECTS', 'FLUENTS_IN_NUMERIC_ASSIGNMENTS', 'INCREASE_EFFECTS'] | TYPING: ['FLAT_TYPING'] | FLUENTS_TYPE: ['REAL_FLUENTS']",1,PlanGenerationResultStatus.SOLVED_SATISFICING,True,True,24.094314992000363
15,15,0.00011893399823748041,161,0.0006186749815242365,125,0.001376953006911208,46,0.00025260699840146117,1,3.716999344760552e-06,47,0.00022349900791596156,15,0.0001585159989190288,0.00014570399980584625,4.083799649379216e-05,1.7542999557917938e-05,6.752999979653396e-06,0.00012913599675812293,205,0.0007506590063712792,0.006852911999885691,direct_upf_node_problem,24.440662000000007,46,1,1.2666015625,270040,266968,47,10,Tamer,24.43308171299941,"PROBLEM_CLASS: ['ACTION_BASED'] | PROBLEM_TYPE: ['GENERAL_NUMERIC_PLANNING'] | TIME: ['CONTINUOUS_TIME'] | EXPRESSION_DURATION: ['REAL_TYPE_DURATIONS', 'INT_TYPE_DURATIONS', 'STATIC_FLUENTS_IN_DURATIONS'] | CONDITIONS_KIND: ['NEGATIVE_CONDITIONS'] | EFFECTS_KIND: ['DECREASE_EFFECTS', 'FLUENTS_IN_NUMERIC_ASSIGNMENTS', 'INCREASE_EFFECTS'] | TYPING: ['FLAT_TYPING'] | FLUENTS_TYPE: ['REAL_FLUENTS']",2,PlanGenerationResultStatus.SOLVED_SATISFICING,True,True,24.44558483900073
15,15,0.00012113599950680509,161,0.0006183400073496159,125,0.0013609790039481595,46,0.00024026599930948578,1,4.487999831326306e-06,47,0.00022369399812305346,15,0.00019053099276788998,0.0001408850002917461,3.804800508078188e-05,1.992800025618635e-05,7.284001185325906e-06,0.00013433199274004437,205,0.0007642619930265937,0.006882518000566051,direct_upf_node_problem,24.712484000000003,46,1,1.3125,270040,270040,47,10,Tamer,24.709049672999754,"PROBLEM_CLASS: ['ACTION_BASED'] | PROBLEM_TYPE: ['GENERAL_NUMERIC_PLANNING'] | TIME: ['CONTINUOUS_TIME'] | EXPRESSION_DURATION: ['REAL_TYPE_DURATIONS', 'INT_TYPE_DURATIONS', 'STATIC_FLUENTS_IN_DURATIONS'] | CONDITIONS_KIND: ['NEGATIVE_CONDITIONS'] | EFFECTS_KIND: ['DECREASE_EFFECTS', 'FLUENTS_IN_NUMERIC_ASSIGNMENTS', 'INCREASE_EFFECTS'] | TYPING: ['FLAT_TYPING'] | FLUENTS_TYPE: ['REAL_FLUENTS']",3,PlanGenerationResultStatus.SOLVED_SATISFICING,True,True,24.721118633000515
15,15,0.00012373199751891661,161,0.0006107479766797042,125,0.001325266006460879,46,0.00025245499818993267,1,4.227998942951672e-06,47,0.0002295239919476444,15,0.00019105699720967095,0.0002158150000468595,3.8465997931780294e-05,2.0707999283331446e-05,7.474000085494481e-06,0.00013631699403049424,205,0.0007665319844818441,0.006874021999465185,direct_upf_node_problem,25.59930700000001,46,1,1.2626953125,273688,270040,47,10,Tamer,25.59439974400084,"PROBLEM_CLASS: ['ACTION_BASED'] | PROBLEM_TYPE: ['GENERAL_NUMERIC_PLANNING'] | TIME: ['CONTINUOUS_TIME'] | EXPRESSION_DURATION: ['REAL_TYPE_DURATIONS', 'INT_TYPE_DURATIONS', 'STATIC_FLUENTS_IN_DURATIONS'] | CONDITIONS_KIND: ['NEGATIVE_CONDITIONS'] | EFFECTS_KIND: ['DECREASE_EFFECTS', 'FLUENTS_IN_NUMERIC_ASSIGNMENTS', 'INCREASE_EFFECTS'] | TYPING: ['FLAT_TYPING'] | FLUENTS_TYPE: ['REAL_FLUENTS']",4,PlanGenerationResultStatus.SOLVED_SATISFICING,True,True,25.606405043999985
15,15,0.00012680799773079343,161,0.0006042739933036501,125,0.001352651013803552,46,0.0002930779992311727,1,4.248000550433062e-06,47,0.00022740799249731936,15,0.00016405800124630332,0.0002303019991813926,3.8837002648506314e-05,2.0617999325622804e-05,7.324000762309879e-06,0.0001452510005037766,205,0.0007512080010201316,0.006943020998733118,direct_upf_node_problem,24.586358999999987,46,1,1.171875,275800,273688,47,10,Tamer,24.580051270000695,"PROBLEM_CLASS: ['ACTION_BASED'] | PROBLEM_TYPE: ['GENERAL_NUMERIC_PLANNING'] | TIME: ['CONTINUOUS_TIME'] | EXPRESSION_DURATION: ['REAL_TYPE_DURATIONS', 'INT_TYPE_DURATIONS', 'STATIC_FLUENTS_IN_DURATIONS'] | CONDITIONS_KIND: ['NEGATIVE_CONDITIONS'] | EFFECTS_KIND: ['DECREASE_EFFECTS', 'FLUENTS_IN_NUMERIC_ASSIGNMENTS', 'INCREASE_EFFECTS'] | TYPING: ['FLAT_TYPING'] | FLUENTS_TYPE: ['REAL_FLUENTS']",5,PlanGenerationResultStatus.SOLVED_SATISFICING,True,True,24.59230079900044
15,15,0.0001259849977941485,161,0.0005966439894109499,125,0.0013246219896245748,46,0.0002547760013840161,1,3.907998689101078e-06,47,0.0002314429948455654,15,0.00016085399875009898,0.00021626600027957465,3.782900239457376e-05,1.7502999980933964e-05,7.293998351087794e-06,0.00013761800073552877,205,0.0007502859989472199,0.006803278000006685,direct_upf_node_problem,24.319119,46,1,1.32275390625,278488,275800,47,10,Tamer,24.312479385000188,"PROBLEM_CLASS: ['ACTION_BASED'] | PROBLEM_TYPE: ['GENERAL_NUMERIC_PLANNING'] | TIME: ['CONTINUOUS_TIME'] | EXPRESSION_DURATION: ['REAL_TYPE_DURATIONS', 'INT_TYPE_DURATIONS', 'STATIC_FLUENTS_IN_DURATIONS'] | CONDITIONS_KIND: ['NEGATIVE_CONDITIONS'] | EFFECTS_KIND: ['DECREASE_EFFECTS', 'FLUENTS_IN_NUMERIC_ASSIGNMENTS', 'INCREASE_EFFECTS'] | TYPING: ['FLAT_TYPING'] | FLUENTS_TYPE: ['REAL_FLUENTS']",6,PlanGenerationResultStatus.SOLVED_SATISFICING,True,True,24.324396130001332
15,15,0.0001268679989152588,161,0.0006105280081101228,125,0.0013658129955729237,46,0.00027423599749454297,1,3.9169990486698225e-06,47,0.00023090000468073413,15,0.00016485299238411244,0.00021388099958130624,3.8917996789678e-05,1.601999974809587e-05,7.022999852779321e-06,0.00013761999798589386,205,0.000769006997870747,0.0069343100003607105,direct_upf_node_problem,24.359049999999996,46,1,1.2119140625,281368,278488,47,10,Tamer,24.353650969000228,"PROBLEM_CLASS: ['ACTION_BASED'] | PROBLEM_TYPE: ['GENERAL_NUMERIC_PLANNING'] | TIME: ['CONTINUOUS_TIME'] | EXPRESSION_DURATION: ['REAL_TYPE_DURATIONS', 'INT_TYPE_DURATIONS', 'STATIC_FLUENTS_IN_DURATIONS'] | CONDITIONS_KIND: ['NEGATIVE_CONDITIONS'] | EFFECTS_KIND: ['DECREASE_EFFECTS', 'FLUENTS_IN_NUMERIC_ASSIGNMENTS', 'INCREASE_EFFECTS'] | TYPING: ['FLAT_TYPING'] | FLUENTS_TYPE: ['REAL_FLUENTS']",7,PlanGenerationResultStatus.SOLVED_SATISFICING,True,True,24.365814839999075
15,15,0.00012726899694825988,161,0.000594881001234171,125,0.0013611280046461616,46,0.00030318699646159075,1,4.428000465850346e-06,47,0.0002271879948239075,15,0.000166954998348956,0.0003067760007979814,3.982799353252631e-05,2.2231999537325464e-05,9.337998562841676e-06,0.00014508500680676661,205,0.0007569060398964211,0.007099770999047905,direct_upf_node_problem,24.964087999999975,46,1,1.27001953125,281368,281368,47,10,Tamer,24.959345137000128,"PROBLEM_CLASS: ['ACTION_BASED'] | PROBLEM_TYPE: ['GENERAL_NUMERIC_PLANNING'] | TIME: ['CONTINUOUS_TIME'] | EXPRESSION_DURATION: ['REAL_TYPE_DURATIONS', 'INT_TYPE_DURATIONS', 'STATIC_FLUENTS_IN_DURATIONS'] | CONDITIONS_KIND: ['NEGATIVE_CONDITIONS'] | EFFECTS_KIND: ['DECREASE_EFFECTS', 'FLUENTS_IN_NUMERIC_ASSIGNMENTS', 'INCREASE_EFFECTS'] | TYPING: ['FLAT_TYPING'] | FLUENTS_TYPE: ['REAL_FLUENTS']",8,PlanGenerationResultStatus.SOLVED_SATISFICING,True,True,24.971715375000713
15,15,0.00012686899754044134,161,0.0005971659938950324,125,0.0013906790009059478,46,0.0002603880020615179,1,4.518999048741534e-06,47,0.00022627398720942438,15,0.0001583539960847702,0.00015193499893939588,4.218499998387415e-05,1.6521000361535698e-05,6.492999091278762e-06,0.00013757900160271674,205,0.0007732810026936932,0.006859680001070956,direct_upf_node_problem,24.50054399999999,46,1,1.30810546875,281368,281368,47,10,Tamer,24.494936412000243,"PROBLEM_CLASS: ['ACTION_BASED'] | PROBLEM_TYPE: ['GENERAL_NUMERIC_PLANNING'] | TIME: ['CONTINUOUS_TIME'] | EXPRESSION_DURATION: ['REAL_TYPE_DURATIONS', 'INT_TYPE_DURATIONS', 'STATIC_FLUENTS_IN_DURATIONS'] | CONDITIONS_KIND: ['NEGATIVE_CONDITIONS'] | EFFECTS_KIND: ['DECREASE_EFFECTS', 'FLUENTS_IN_NUMERIC_ASSIGNMENTS', 'INCREASE_EFFECTS'] | TYPING: ['FLAT_TYPING'] | FLUENTS_TYPE: ['REAL_FLUENTS']",9,PlanGenerationResultStatus.SOLVED_SATISFICING,True,True,24.507000305000474
15,15,0.0001254150047316216,161,0.0005834700095874723,125,0.00131072199656046,46,0.0003000530032295501,1,4.128000000491738e-06,47,0.00023264500123332255,15,0.00019070699818257708,0.0002715009995881701,3.940898932341952e-05,1.8464999811840244e-05,7.615000868099742e-06,0.00013671000488102436,205,0.0007530679995397804,0.006940551998923183,direct_upf_node_problem,24.754880000000014,46,1,1.333984375,281368,281368,47,10,Tamer,24.750994247000563,"PROBLEM_CLASS: ['ACTION_BASED'] | PROBLEM_TYPE: ['GENERAL_NUMERIC_PLANNING'] | TIME: ['CONTINUOUS_TIME'] | EXPRESSION_DURATION: ['REAL_TYPE_DURATIONS', 'INT_TYPE_DURATIONS', 'STATIC_FLUENTS_IN_DURATIONS'] | CONDITIONS_KIND: ['NEGATIVE_CONDITIONS'] | EFFECTS_KIND: ['DECREASE_EFFECTS', 'FLUENTS_IN_NUMERIC_ASSIGNMENTS', 'INCREASE_EFFECTS'] | TYPING: ['FLAT_TYPING'] | FLUENTS_TYPE: ['REAL_FLUENTS']",10,PlanGenerationResultStatus.SOLVED_SATISFICING,True,True,24.763047213999016
15,15,0.0001305779969698051,161,0.0006013380061631324,125,0.0013652160014316905,46,0.00024776399732218124,1,4.268000338925049e-06,47,0.0002374680025241105,15,0.0001683350001258077,0.00021335100063879509,3.954798921768088e-05,1.7934000425157137e-05,7.243999789352529e-06,0.0001393409947922919,205,0.0007785319903632626,0.00700074499945913,direct_upf_node_problem,24.782646999999997,46,1,1.4404296875,281368,281368,47,10,Tamer,24.778649765999944,"PROBLEM_CLASS: ['ACTION_BASED'] | PROBLEM_TYPE: ['GENERAL_NUMERIC_PLANNING'] | TIME: ['CONTINUOUS_TIME'] | EXPRESSION_DURATION: ['REAL_TYPE_DURATIONS', 'INT_TYPE_DURATIONS', 'STATIC_FLUENTS_IN_DURATIONS'] | CONDITIONS_KIND: ['NEGATIVE_CONDITIONS'] | EFFECTS_KIND: ['DECREASE_EFFECTS', 'FLUENTS_IN_NUMERIC_ASSIGNMENTS', 'INCREASE_EFFECTS'] | TYPING: ['FLAT_TYPING'] | FLUENTS_TYPE: ['REAL_FLUENTS']",11,PlanGenerationResultStatus.SOLVED_SATISFICING,True,True,24.79095326300012
15,15,0.00012744799641950522,161,0.0005940070077485871,125,0.001343847001407994,46,0.0002705529950617347,1,3.9979986468097195e-06,47,0.0002306199985468993,15,0.00016694100304448511,0.00021970400121062994,4.012999852420762e-05,2.8914999347762205e-05,9.67900086834561e-06,0.000138790001074085,205,0.0007612559911649441,0.006905666999955429,direct_upf_node_problem,24.98894100000001,46,1,1.42578125,281368,281368,47,10,Tamer,24.98303728999963,"PROBLEM_CLASS: ['ACTION_BASED'] | PROBLEM_TYPE: ['GENERAL_NUMERIC_PLANNING'] | TIME: ['CONTINUOUS_TIME'] | EXPRESSION_DURATION: ['REAL_TYPE_DURATIONS', 'INT_TYPE_DURATIONS', 'STATIC_FLUENTS_IN_DURATIONS'] | CONDITIONS_KIND: ['NEGATIVE_CONDITIONS'] | EFFECTS_KIND: ['DECREASE_EFFECTS', 'FLUENTS_IN_NUMERIC_ASSIGNMENTS', 'INCREASE_EFFECTS'] | TYPING: ['FLAT_TYPING'] | FLUENTS_TYPE: ['REAL_FLUENTS']",12,PlanGenerationResultStatus.SOLVED_SATISFICING,True,True,24.995102460001362
15,15,0.00013038400174991693,161,0.0005987169934087433,125,0.0013796479906886816,46,0.00029113700293237343,1,4.1980001697083935e-06,47,0.00023406100081047043,15,0.00016813699767226353,0.00027563799994823057,3.91509965993464e-05,1.816400072129909e-05,8.064998837653548e-06,0.0001436889997421531,205,0.0007652940003026742,0.007076609999785433,direct_upf_node_problem,24.967925000000037,46,1,1.56494140625,281368,281368,47,10,Tamer,24.96260773299946,"PROBLEM_CLASS: ['ACTION_BASED'] | PROBLEM_TYPE: ['GENERAL_NUMERIC_PLANNING'] | TIME: ['CONTINUOUS_TIME'] | EXPRESSION_DURATION: ['REAL_TYPE_DURATIONS', 'INT_TYPE_DURATIONS', 'STATIC_FLUENTS_IN_DURATIONS'] | CONDITIONS_KIND: ['NEGATIVE_CONDITIONS'] | EFFECTS_KIND: ['DECREASE_EFFECTS', 'FLUENTS_IN_NUMERIC_ASSIGNMENTS', 'INCREASE_EFFECTS'] | TYPING: ['FLAT_TYPING'] | FLUENTS_TYPE: ['REAL_FLUENTS']",13,PlanGenerationResultStatus.SOLVED_SATISFICING,True,True,24.975013655999646
15,15,0.00012892999802716076,161,0.0006100179743953049,125,0.0014342789945658296,46,0.0002629870105010923,1,4.469000487006269e-06,47,0.0002538840053603053,15,0.00016676300219842233,0.00015706500016676728,4.306699520384427e-05,2.09400004678173e-05,7.814998753019609e-06,0.00014032600483915303,205,0.0008076470057858387,0.007289199998922413,direct_upf_node_problem,24.962829999999997,46,1,1.62451171875,281368,281368,47,10,Tamer,24.95593930799987,"PROBLEM_CLASS: ['ACTION_BASED'] | PROBLEM_TYPE: ['GENERAL_NUMERIC_PLANNING'] | TIME: ['CONTINUOUS_TIME'] | EXPRESSION_DURATION: ['REAL_TYPE_DURATIONS', 'INT_TYPE_DURATIONS', 'STATIC_FLUENTS_IN_DURATIONS'] | CONDITIONS_KIND: ['NEGATIVE_CONDITIONS'] | EFFECTS_KIND: ['DECREASE_EFFECTS', 'FLUENTS_IN_NUMERIC_ASSIGNMENTS', 'INCREASE_EFFECTS'] | TYPING: ['FLAT_TYPING'] | FLUENTS_TYPE: ['REAL_FLUENTS']",14,PlanGenerationResultStatus.SOLVED_SATISFICING,True,True,24.968762606000382
15,15,0.00013292899711814243,161,0.0005905310244997963,125,0.001338480997219449,46,0.00024270699759654235,1,4.579000233206898e-06,47,0.00023052300275594462,15,0.00020072600091225468,0.00020526600019366015,4.0467999497195706e-05,1.726200025586877e-05,7.003000064287335e-06,0.00016239699471043423,205,0.0007758850188110955,0.00704848199893604,direct_upf_node_problem,24.660258,46,1,1.46826171875,281368,281368,47,10,Tamer,24.65442666400122,"PROBLEM_CLASS: ['ACTION_BASED'] | PROBLEM_TYPE: ['GENERAL_NUMERIC_PLANNING'] | TIME: ['CONTINUOUS_TIME'] | EXPRESSION_DURATION: ['REAL_TYPE_DURATIONS', 'INT_TYPE_DURATIONS', 'STATIC_FLUENTS_IN_DURATIONS'] | CONDITIONS_KIND: ['NEGATIVE_CONDITIONS'] | EFFECTS_KIND: ['DECREASE_EFFECTS', 'FLUENTS_IN_NUMERIC_ASSIGNMENTS', 'INCREASE_EFFECTS'] | TYPING: ['FLAT_TYPING'] | FLUENTS_TYPE: ['REAL_FLUENTS']",15,PlanGenerationResultStatus.SOLVED_SATISFICING,True,True,24.666594922000513
15,15,0.00012728100227832329,161,0.0005828289922646945,125,0.001328397003817372,46,0.0002544920080254087,1,3.936998837161809e-06,47,0.0002277449984831037,15,0.00016446800145786256,0.0002202439991378924,4.0453995097777806e-05,1.73720000020694e-05,6.652000593021512e-06,0.0001356940010737162,205,0.000745902007110999,0.006798823000281118,direct_upf_node_problem,24.624044000000026,46,1,1.41552734375,281368,281368,47,10,Tamer,24.617847302000882,"PROBLEM_CLASS: ['ACTION_BASED'] | PROBLEM_TYPE: ['GENERAL_NUMERIC_PLANNING'] | TIME: ['CONTINUOUS_TIME'] | EXPRESSION_DURATION: ['REAL_TYPE_DURATIONS', 'INT_TYPE_DURATIONS', 'STATIC_FLUENTS_IN_DURATIONS'] | CONDITIONS_KIND: ['NEGATIVE_CONDITIONS'] | EFFECTS_KIND: ['DECREASE_EFFECTS', 'FLUENTS_IN_NUMERIC_ASSIGNMENTS', 'INCREASE_EFFECTS'] | TYPING: ['FLAT_TYPING'] | FLUENTS_TYPE: ['REAL_FLUENTS']",16,PlanGenerationResultStatus.SOLVED_SATISFICING,True,True,24.629776842000865
15,15,0.00012526299724413548,161,0.0005998319920763606,125,0.001332034005827154,46,0.00026328600506531075,1,4.338999133324251e-06,47,0.00023080300343281124,15,0.0001634270065551391,0.00021993299924361054,3.873300374834798e-05,1.8353999621467665e-05,7.1829999797046185e-06,0.00013716000466956757,205,0.0007564449861092726,0.006863214000986773,direct_upf_node_problem,24.84911699999998,46,1,1.416015625,281368,281368,47,10,Tamer,24.842249184001048,"PROBLEM_CLASS: ['ACTION_BASED'] | PROBLEM_TYPE: ['GENERAL_NUMERIC_PLANNING'] | TIME: ['CONTINUOUS_TIME'] | EXPRESSION_DURATION: ['REAL_TYPE_DURATIONS', 'INT_TYPE_DURATIONS', 'STATIC_FLUENTS_IN_DURATIONS'] | CONDITIONS_KIND: ['NEGATIVE_CONDITIONS'] | EFFECTS_KIND: ['DECREASE_EFFECTS', 'FLUENTS_IN_NUMERIC_ASSIGNMENTS', 'INCREASE_EFFECTS'] | TYPING: ['FLAT_TYPING'] | FLUENTS_TYPE: ['REAL_FLUENTS']",17,PlanGenerationResultStatus.SOLVED_SATISFICING,True,True,24.85425344400028
15,15,0.00013669700456375722,161,0.0006076909940020414,125,0.001391746995068388,46,0.00026803901164385024,1,4.0380000427830964e-06,47,0.0002352560004510451,15,0.00017188200035889167,0.00022319799973047338,3.8544003473361954e-05,1.6852000044309534e-05,7.204000212368555e-06,0.0001399040011165198,205,0.0007590230088680983,0.007059741001285147,direct_upf_node_problem,25.045710000000042,46,1,1.56396484375,281368,281368,47,10,Tamer,25.040797669000312,"PROBLEM_CLASS: ['ACTION_BASED'] | PROBLEM_TYPE: ['GENERAL_NUMERIC_PLANNING'] | TIME: ['CONTINUOUS_TIME'] | EXPRESSION_DURATION: ['REAL_TYPE_DURATIONS', 'INT_TYPE_DURATIONS', 'STATIC_FLUENTS_IN_DURATIONS'] | CONDITIONS_KIND: ['NEGATIVE_CONDITIONS'] | EFFECTS_KIND: ['DECREASE_EFFECTS', 'FLUENTS_IN_NUMERIC_ASSIGNMENTS', 'INCREASE_EFFECTS'] | TYPING: ['FLAT_TYPING'] | FLUENTS_TYPE: ['REAL_FLUENTS']",18,PlanGenerationResultStatus.SOLVED_SATISFICING,True,True,25.053189566000583
15,15,0.00013216100160207134,161,0.0005932260010013124,125,0.0013738789948547492,46,0.0002508750039851293,1,4.638000973500311e-06,47,0.00023771100313751958,15,0.00017152900545625016,0.0002195410015701782,3.921100505976938e-05,1.723300010780804e-05,7.1739996201358736e-06,0.0001404209997417638,205,0.0007730189990979852,0.007026379000308225,direct_upf_node_problem,24.83886499999994,46,1,1.611328125,281368,281368,47,10,Tamer,24.833374842999547,"PROBLEM_CLASS: ['ACTION_BASED'] | PROBLEM_TYPE: ['GENERAL_NUMERIC_PLANNING'] | TIME: ['CONTINUOUS_TIME'] | EXPRESSION_DURATION: ['REAL_TYPE_DURATIONS', 'INT_TYPE_DURATIONS', 'STATIC_FLUENTS_IN_DURATIONS'] | CONDITIONS_KIND: ['NEGATIVE_CONDITIONS'] | EFFECTS_KIND: ['DECREASE_EFFECTS', 'FLUENTS_IN_NUMERIC_ASSIGNMENTS', 'INCREASE_EFFECTS'] | TYPING: ['FLAT_TYPING'] | FLUENTS_TYPE: ['REAL_FLUENTS']",19,PlanGenerationResultStatus.SOLVED_SATISFICING,True,True,24.84570211800019
15,15,0.00012613399849215057,161,0.000582154007133795,125,0.0013509999862435507,46,0.00026752899429993704,1,4.27799932367634e-06,47,0.00022909900144441053,15,0.00016775499898358248,0.00015108299885469023,3.755499710678123e-05,1.653099934628699e-05,7.3239989433204755e-06,0.0001366240012430353,205,0.0007550230093329446,0.0068242500001360895,direct_upf_node_problem,24.298801999999966,46,1,1.68017578125,281368,281368,47,10,Tamer,24.295092575001036,"PROBLEM_CLASS: ['ACTION_BASED'] | PROBLEM_TYPE: ['GENERAL_NUMERIC_PLANNING'] | TIME: ['CONTINUOUS_TIME'] | EXPRESSION_DURATION: ['REAL_TYPE_DURATIONS', 'INT_TYPE_DURATIONS', 'STATIC_FLUENTS_IN_DURATIONS'] | CONDITIONS_KIND: ['NEGATIVE_CONDITIONS'] | EFFECTS_KIND: ['DECREASE_EFFECTS', 'FLUENTS_IN_NUMERIC_ASSIGNMENTS', 'INCREASE_EFFECTS'] | TYPING: ['FLAT_TYPING'] | FLUENTS_TYPE: ['REAL_FLUENTS']",20,PlanGenerationResultStatus.SOLVED_SATISFICING,True,True,24.307125330000417
15,15,0.00013335900257516187,161,0.0006003309881634777,125,0.0013592049817816587,46,0.00026448400240042247,1,4.288000127417035e-06,47,0.00023787899772287346,15,0.0002059780017589219,0.00021169699903111905,3.864099380734842e-05,1.7391999790561385e-05,7.554001058451831e-06,0.00014733699390490074,205,0.0007732870235486189,0.007043333000183338,direct_upf_node_problem,24.882179000000008,46,1,1.76611328125,281368,281368,47,10,Tamer,24.880040018999352,"PROBLEM_CLASS: ['ACTION_BASED'] | PROBLEM_TYPE: ['GENERAL_NUMERIC_PLANNING'] | TIME: ['CONTINUOUS_TIME'] | EXPRESSION_DURATION: ['REAL_TYPE_DURATIONS', 'INT_TYPE_DURATIONS', 'STATIC_FLUENTS_IN_DURATIONS'] | CONDITIONS_KIND: ['NEGATIVE_CONDITIONS'] | EFFECTS_KIND: ['DECREASE_EFFECTS', 'FLUENTS_IN_NUMERIC_ASSIGNMENTS', 'INCREASE_EFFECTS'] | TYPING: ['FLAT_TYPING'] | FLUENTS_TYPE: ['REAL_FLUENTS']",21,PlanGenerationResultStatus.SOLVED_SATISFICING,True,True,24.892354122999677
15,15,0.00012696800513367634,161,0.0005899710013181902,125,0.001348630003121798,46,0.00024851799935277086,1,4.5789984142174944e-06,47,0.00023574300212203525,15,0.00016742399930080865,0.00021949099937046412,3.897700116795022e-05,1.7932999980985187e-05,7.603999620187096e-06,0.00013919799857831094,205,0.0007603779977216618,0.006877302001157659,direct_upf_node_problem,24.739893000000166,46,1,1.6240234375,281368,281368,47,10,Tamer,24.735771568000928,"PROBLEM_CLASS: ['ACTION_BASED'] | PROBLEM_TYPE: ['GENERAL_NUMERIC_PLANNING'] | TIME: ['CONTINUOUS_TIME'] | EXPRESSION_DURATION: ['REAL_TYPE_DURATIONS', 'INT_TYPE_DURATIONS', 'STATIC_FLUENTS_IN_DURATIONS'] | CONDITIONS_KIND: ['NEGATIVE_CONDITIONS'] | EFFECTS_KIND: ['DECREASE_EFFECTS', 'FLUENTS_IN_NUMERIC_ASSIGNMENTS', 'INCREASE_EFFECTS'] | TYPING: ['FLAT_TYPING'] | FLUENTS_TYPE: ['REAL_FLUENTS']",22,PlanGenerationResultStatus.SOLVED_SATISFICING,True,True,24.747788292999758
15,15,0.00013226899864093866,161,0.0005936520083196228,125,0.0013578199977928307,46,0.00028698599999188446,1,4.21799995820038e-06,47,0.00023701999634795357,15,0.0001690259996394161,0.0002606590005598264,3.9319993447861634e-05,1.895500099635683e-05,7.022999852779321e-06,0.0001399509965267498,205,0.0007678460005990928,0.007044907000818057,direct_upf_node_problem,24.606809999999996,46,1,1.47802734375,281368,281368,47,10,Tamer,24.59970979999889,"PROBLEM_CLASS: ['ACTION_BASED'] | PROBLEM_TYPE: ['GENERAL_NUMERIC_PLANNING'] | TIME: ['CONTINUOUS_TIME'] | EXPRESSION_DURATION: ['REAL_TYPE_DURATIONS', 'INT_TYPE_DURATIONS', 'STATIC_FLUENTS_IN_DURATIONS'] | CONDITIONS_KIND: ['NEGATIVE_CONDITIONS'] | EFFECTS_KIND: ['DECREASE_EFFECTS', 'FLUENTS_IN_NUMERIC_ASSIGNMENTS', 'INCREASE_EFFECTS'] | TYPING: ['FLAT_TYPING'] | FLUENTS_TYPE: ['REAL_FLUENTS']",23,PlanGenerationResultStatus.SOLVED_SATISFICING,True,True,24.61254121500133
15,15,0.00013410199971986003,161,0.0005928180053160759,125,0.001360519005174865,46,0.0002749619980022544,1,4.388000888866372e-06,47,0.0002403069993306417,15,0.0001700369994068751,0.00021969199951854534,3.946699507650919e-05,1.732199962134473e-05,7.3640003392938524e-06,0.00013627199768961873,205,0.0007607030202052556,0.0069602589992427966,direct_upf_node_problem,24.272089999999935,46,1,1.31396484375,281368,281368,47,10,Tamer,24.26489232199856,"PROBLEM_CLASS: ['ACTION_BASED'] | PROBLEM_TYPE: ['GENERAL_NUMERIC_PLANNING'] | TIME: ['CONTINUOUS_TIME'] | EXPRESSION_DURATION: ['REAL_TYPE_DURATIONS', 'INT_TYPE_DURATIONS', 'STATIC_FLUENTS_IN_DURATIONS'] | CONDITIONS_KIND: ['NEGATIVE_CONDITIONS'] | EFFECTS_KIND: ['DECREASE_EFFECTS', 'FLUENTS_IN_NUMERIC_ASSIGNMENTS', 'INCREASE_EFFECTS'] | TYPING: ['FLAT_TYPING'] | FLUENTS_TYPE: ['REAL_FLUENTS']",24,PlanGenerationResultStatus.SOLVED_SATISFICING,True,True,24.277095188999738
15,15,0.00012756799333146773,161,0.0006138110056781443,125,0.0014090039894654183,46,0.00026620000062393956,1,4.178000381216407e-06,47,0.0002398389970039716,15,0.00016125100046338048,0.00015496099877054803,3.877899871440604e-05,1.7592999938642606e-05,7.294000170077197e-06,0.000136484000904602,205,0.0007697419987380272,0.006936503999895649,direct_upf_node_problem,24.265556999999944,46,1,1.2060546875,281368,281368,47,10,Tamer,24.257692753999436,"PROBLEM_CLASS: ['ACTION_BASED'] | PROBLEM_TYPE: ['GENERAL_NUMERIC_PLANNING'] | TIME: ['CONTINUOUS_TIME'] | EXPRESSION_DURATION: ['REAL_TYPE_DURATIONS', 'INT_TYPE_DURATIONS', 'STATIC_FLUENTS_IN_DURATIONS'] | CONDITIONS_KIND: ['NEGATIVE_CONDITIONS'] | EFFECTS_KIND: ['DECREASE_EFFECTS', 'FLUENTS_IN_NUMERIC_ASSIGNMENTS', 'INCREASE_EFFECTS'] | TYPING: ['FLAT_TYPING'] | FLUENTS_TYPE: ['REAL_FLUENTS']",25,PlanGenerationResultStatus.SOLVED_SATISFICING,True,True,24.269901132000086
15,15,0.00013109700012137182,161,0.0005889089970878558,125,0.0013299740039656172,46,0.00024118700275721494,1,4.818999514100142e-06,47,0.00023644499196961988,15,0.00019210200662200805,0.00020478399892454036,3.9198994272737764e-05,1.6801999663584866e-05,6.922999091329984e-06,0.00013865099936083425,205,0.0007618299932801165,0.006896861999848625,direct_upf_node_problem,24.82766700000002,46,1,1.2890625,281368,281368,47,10,Tamer,24.819940831001077,"PROBLEM_CLASS: ['ACTION_BASED'] | PROBLEM_TYPE: ['GENERAL_NUMERIC_PLANNING'] | TIME: ['CONTINUOUS_TIME'] | EXPRESSION_DURATION: ['REAL_TYPE_DURATIONS', 'INT_TYPE_DURATIONS', 'STATIC_FLUENTS_IN_DURATIONS'] | CONDITIONS_KIND: ['NEGATIVE_CONDITIONS'] | EFFECTS_KIND: ['DECREASE_EFFECTS', 'FLUENTS_IN_NUMERIC_ASSIGNMENTS', 'INCREASE_EFFECTS'] | TYPING: ['FLAT_TYPING'] | FLUENTS_TYPE: ['REAL_FLUENTS']",26,PlanGenerationResultStatus.SOLVED_SATISFICING,True,True,24.832082632001402
15,15,0.0001346829976682784,161,0.0005924390134168789,125,0.0013596170119853923,46,0.0002649119942361722,1,4.348999937064946e-06,47,0.00024339500851056073,15,0.0001685960014583543,0.00020405299983394798,4.0094999349093996e-05,1.627100027690176e-05,6.812999345129356e-06,0.00013930399836681318,205,0.000768240990510094,0.006942337000509724,direct_upf_node_problem,24.50808100000006,46,1,1.189453125,281368,281368,47,10,Tamer,24.50007326999912,"PROBLEM_CLASS: ['ACTION_BASED'] | PROBLEM_TYPE: ['GENERAL_NUMERIC_PLANNING'] | TIME: ['CONTINUOUS_TIME'] | EXPRESSION_DURATION: ['REAL_TYPE_DURATIONS', 'INT_TYPE_DURATIONS', 'STATIC_FLUENTS_IN_DURATIONS'] | CONDITIONS_KIND: ['NEGATIVE_CONDITIONS'] | EFFECTS_KIND: ['DECREASE_EFFECTS', 'FLUENTS_IN_NUMERIC_ASSIGNMENTS', 'INCREASE_EFFECTS'] | TYPING: ['FLAT_TYPING'] | FLUENTS_TYPE: ['REAL_FLUENTS']",27,PlanGenerationResultStatus.SOLVED_SATISFICING,True,True,24.512166599999546
15,15,0.00012419499762472697,161,0.0005784450077044312,125,0.001328610002019559,46,0.00027392599440645427,1,4.397999873617664e-06,47,0.00023071799296303652,15,0.00016496399985044263,0.0002147129998775199,3.9637996451347135e-05,1.6490999769303016e-05,6.471998858614825e-06,0.00013483200018526986,205,0.0007495719801227096,0.006813821999458014,direct_upf_node_problem,24.653983999999923,46,1,1.123046875,281368,281368,47,10,Tamer,24.64615963200049,"PROBLEM_CLASS: ['ACTION_BASED'] | PROBLEM_TYPE: ['GENERAL_NUMERIC_PLANNING'] | TIME: ['CONTINUOUS_TIME'] | EXPRESSION_DURATION: ['REAL_TYPE_DURATIONS', 'INT_TYPE_DURATIONS', 'STATIC_FLUENTS_IN_DURATIONS'] | CONDITIONS_KIND: ['NEGATIVE_CONDITIONS'] | EFFECTS_KIND: ['DECREASE_EFFECTS', 'FLUENTS_IN_NUMERIC_ASSIGNMENTS', 'INCREASE_EFFECTS'] | TYPING: ['FLAT_TYPING'] | FLUENTS_TYPE: ['REAL_FLUENTS']",28,PlanGenerationResultStatus.SOLVED_SATISFICING,True,True,24.658399645999452
15,15,0.0001306729991483735,161,0.0005911029966227943,125,0.0013658170064445585,46,0.0003426039984333329,1,4.518999048741534e-06,47,0.00023768899700371549,15,0.00017446900528739206,0.0003060349990846589,3.9927999750943854e-05,2.309400042577181e-05,8.17500040284358e-06,0.00014213600479706656,205,0.0007596490049763815,0.0071874340010253945,direct_upf_node_problem,24.867385999999897,46,1,1.080078125,281368,281368,47,10,Tamer,24.860070353999618,"PROBLEM_CLASS: ['ACTION_BASED'] | PROBLEM_TYPE: ['GENERAL_NUMERIC_PLANNING'] | TIME: ['CONTINUOUS_TIME'] | EXPRESSION_DURATION: ['REAL_TYPE_DURATIONS', 'INT_TYPE_DURATIONS', 'STATIC_FLUENTS_IN_DURATIONS'] | CONDITIONS_KIND: ['NEGATIVE_CONDITIONS'] | EFFECTS_KIND: ['DECREASE_EFFECTS', 'FLUENTS_IN_NUMERIC_ASSIGNMENTS', 'INCREASE_EFFECTS'] | TYPING: ['FLAT_TYPING'] | FLUENTS_TYPE: ['REAL_FLUENTS']",29,PlanGenerationResultStatus.SOLVED_SATISFICING,True,True,24.872555488000216
15,15,0.00012784900172846392,161,0.0005923000117036281,125,0.001357198989353492,46,0.000308291993860621,1,4.21799995820038e-06,47,0.00023121699814510066,15,0.0001707599985820707,0.00031044400020618923,3.8523001421708614e-05,2.2823000108473934e-05,9.08800029719714e-06,0.00014014799853612203,205,0.000761011020586011,0.007127812001272105,direct_upf_node_problem,24.633253999999965,46,1,1.12548828125,281368,281368,47,10,Tamer,24.625968517999354,"PROBLEM_CLASS: ['ACTION_BASED'] | PROBLEM_TYPE: ['GENERAL_NUMERIC_PLANNING'] | TIME: ['CONTINUOUS_TIME'] | EXPRESSION_DURATION: ['REAL_TYPE_DURATIONS', 'INT_TYPE_DURATIONS', 'STATIC_FLUENTS_IN_DURATIONS'] | CONDITIONS_KIND: ['NEGATIVE_CONDITIONS'] | EFFECTS_KIND: ['DECREASE_EFFECTS', 'FLUENTS_IN_NUMERIC_ASSIGNMENTS', 'INCREASE_EFFECTS'] | TYPING: ['FLAT_TYPING'] | FLUENTS_TYPE: ['REAL_FLUENTS']",30,PlanGenerationResultStatus.SOLVED_SATISFICING,True,True,24.63836555799935
15,15,0.0001288010025746189,161,0.0005875839979125885,125,0.0013614449999295175,46,0.00026216199512418825,1,4.558000000542961e-06,47,0.00022987599368207157,15,0.00015665300088585354,0.00015512199934164528,3.766400186577812e-05,1.562000034027733e-05,7.394000931526534e-06,0.00013128200225764886,205,0.0007612029949086718,0.00677145100053167,direct_upf_node_problem,24.41911600000003,46,1,1.23779296875,281368,281368,47,10,Tamer,24.41110769000079,"PROBLEM_CLASS: ['ACTION_BASED'] | PROBLEM_TYPE: ['GENERAL_NUMERIC_PLANNING'] | TIME: ['CONTINUOUS_TIME'] | EXPRESSION_DURATION: ['REAL_TYPE_DURATIONS', 'INT_TYPE_DURATIONS', 'STATIC_FLUENTS_IN_DURATIONS'] | CONDITIONS_KIND: ['NEGATIVE_CONDITIONS'] | EFFECTS_KIND: ['DECREASE_EFFECTS', 'FLUENTS_IN_NUMERIC_ASSIGNMENTS', 'INCREASE_EFFECTS'] | TYPING: ['FLAT_TYPING'] | FLUENTS_TYPE: ['REAL_FLUENTS']",31,PlanGenerationResultStatus.SOLVED_SATISFICING,True,True,24.423114155000803
15,15,0.00012509599582699593,161,0.0005876790055481251,125,0.0013440599886962445,46,0.0002534730028855847,1,4.9700011004460976e-06,47,0.000236684003539267,15,0.00016620200221950654,0.00021432299945445266,3.883199497067835e-05,1.650100057304371e-05,7.27299993741326e-06,0.00013873199532099534,205,0.0007607930128870066,0.006911385000421433,direct_upf_node_problem,24.38442400000008,46,1,1.15625,281368,281368,47,10,Tamer,24.37570631899871,"PROBLEM_CLASS: ['ACTION_BASED'] | PROBLEM_TYPE: ['GENERAL_NUMERIC_PLANNING'] | TIME: ['CONTINUOUS_TIME'] | EXPRESSION_DURATION: ['REAL_TYPE_DURATIONS', 'INT_TYPE_DURATIONS', 'STATIC_FLUENTS_IN_DURATIONS'] | CONDITIONS_KIND: ['NEGATIVE_CONDITIONS'] | EFFECTS_KIND: ['DECREASE_EFFECTS', 'FLUENTS_IN_NUMERIC_ASSIGNMENTS', 'INCREASE_EFFECTS'] | TYPING: ['FLAT_TYPING'] | FLUENTS_TYPE: ['REAL_FLUENTS']",32,PlanGenerationResultStatus.SOLVED_SATISFICING,True,True,24.38801555200007
15,15,0.00013302800107339863,161,0.0005811070095660398,125,0.0013573879859904991,46,0.0002586630052974215,1,4.268000338925049e-06,47,0.0002357059966016095,15,0.00017104100334108807,0.00021851100063940976,3.802499850280583e-05,1.774399970599916e-05,7.19399940862786e-06,0.0001357529963570414,205,0.0007514540120610036,0.00686439600031008,direct_upf_node_problem,24.64632599999993,46,1,1.16455078125,281368,281368,47,10,Tamer,24.64038108099885,"PROBLEM_CLASS: ['ACTION_BASED'] | PROBLEM_TYPE: ['GENERAL_NUMERIC_PLANNING'] | TIME: ['CONTINUOUS_TIME'] | EXPRESSION_DURATION: ['REAL_TYPE_DURATIONS', 'INT_TYPE_DURATIONS', 'STATIC_FLUENTS_IN_DURATIONS'] | CONDITIONS_KIND: ['NEGATIVE_CONDITIONS'] | EFFECTS_KIND: ['DECREASE_EFFECTS', 'FLUENTS_IN_NUMERIC_ASSIGNMENTS', 'INCREASE_EFFECTS'] | TYPING: ['FLAT_TYPING'] | FLUENTS_TYPE: ['REAL_FLUENTS']",33,PlanGenerationResultStatus.SOLVED_SATISFICING,True,True,24.652639117000945
15,15,0.00013357199713937007,161,0.0006033139870851301,125,0.0013887000059185084,46,0.0002673330109246308,1,4.768999133375473e-06,47,0.0002327170059288619,15,0.0001742390013532713,0.0002256640000268817,3.914100489055272e-05,1.7393000234733336e-05,7.403999916277826e-06,0.00015699299910920672,205,0.0007893050133134238,0.007164112999817007,direct_upf_node_problem,24.578685000000064,46,1,1.10791015625,281368,281368,47,10,Tamer,24.571091085999797,"PROBLEM_CLASS: ['ACTION_BASED'] | PROBLEM_TYPE: ['GENERAL_NUMERIC_PLANNING'] | TIME: ['CONTINUOUS_TIME'] | EXPRESSION_DURATION: ['REAL_TYPE_DURATIONS', 'INT_TYPE_DURATIONS', 'STATIC_FLUENTS_IN_DURATIONS'] | CONDITIONS_KIND: ['NEGATIVE_CONDITIONS'] | EFFECTS_KIND: ['DECREASE_EFFECTS', 'FLUENTS_IN_NUMERIC_ASSIGNMENTS', 'INCREASE_EFFECTS'] | TYPING: ['FLAT_TYPING'] | FLUENTS_TYPE: ['REAL_FLUENTS']",34,PlanGenerationResultStatus.SOLVED_SATISFICING,True,True,24.583460359999663
15,15,0.0001287019968003733,161,0.0006008379878039705,125,0.0013655480033776257,46,0.00026134500149055384,1,4.03700141760055e-06,47,0.0002376610009378055,15,0.00017338600810035132,0.00020826100080739707,3.907200516550802e-05,1.687199983280152e-05,6.862999725854024e-06,0.00014010399718245026,205,0.0007657819878659211,0.006949628999791457,direct_upf_node_problem,24.769785999999954,46,1,1.14453125,281560,281368,47,10,Tamer,24.762022034999973,"PROBLEM_CLASS: ['ACTION_BASED'] | PROBLEM_TYPE: ['GENERAL_NUMERIC_PLANNING'] | TIME: ['CONTINUOUS_TIME'] | EXPRESSION_DURATION: ['REAL_TYPE_DURATIONS', 'INT_TYPE_DURATIONS', 'STATIC_FLUENTS_IN_DURATIONS'] | CONDITIONS_KIND: ['NEGATIVE_CONDITIONS'] | EFFECTS_KIND: ['DECREASE_EFFECTS', 'FLUENTS_IN_NUMERIC_ASSIGNMENTS', 'INCREASE_EFFECTS'] | TYPING: ['FLAT_TYPING'] | FLUENTS_TYPE: ['REAL_FLUENTS']",35,PlanGenerationResultStatus.SOLVED_SATISFICING,True,True,24.774161557999832
15,15,0.00012748700100928545,161,0.0005885610080440529,125,0.001340611988780438,46,0.00024139199194905814,1,4.4480002543423325e-06,47,0.00022862100377096795,15,0.00016312700245180167,0.00015507200077991,3.7902997064520605e-05,1.836500086938031e-05,7.204000212368555e-06,0.00013469599980453495,205,0.0007658549875486642,0.006843529999969178,direct_upf_node_problem,24.758441999999945,46,1,1.16796875,281560,281560,47,10,Tamer,24.75044886700016,"PROBLEM_CLASS: ['ACTION_BASED'] | PROBLEM_TYPE: ['GENERAL_NUMERIC_PLANNING'] | TIME: ['CONTINUOUS_TIME'] | EXPRESSION_DURATION: ['REAL_TYPE_DURATIONS', 'INT_TYPE_DURATIONS', 'STATIC_FLUENTS_IN_DURATIONS'] | CONDITIONS_KIND: ['NEGATIVE_CONDITIONS'] | EFFECTS_KIND: ['DECREASE_EFFECTS', 'FLUENTS_IN_NUMERIC_ASSIGNMENTS', 'INCREASE_EFFECTS'] | TYPING: ['FLAT_TYPING'] | FLUENTS_TYPE: ['REAL_FLUENTS']",36,PlanGenerationResultStatus.SOLVED_SATISFICING,True,True,24.762503199999628
15,15,0.00013607500295620412,161,0.0006016459974489408,125,0.0013781140005448833,46,0.00024250799651781563,1,5.359999704523943e-06,47,0.00023731699911877513,15,0.00016845699610712472,0.00021758899856649805,3.8257991036516614e-05,1.62799988174811e-05,7.613998604938388e-06,0.00014629399447585456,205,0.0007671429884794634,0.007008780999967712,direct_upf_node_problem,24.608299999999986,46,1,1.109375,281560,281560,47,10,Tamer,24.60042733500086,"PROBLEM_CLASS: ['ACTION_BASED'] | PROBLEM_TYPE: ['GENERAL_NUMERIC_PLANNING'] | TIME: ['CONTINUOUS_TIME'] | EXPRESSION_DURATION: ['REAL_TYPE_DURATIONS', 'INT_TYPE_DURATIONS', 'STATIC_FLUENTS_IN_DURATIONS'] | CONDITIONS_KIND: ['NEGATIVE_CONDITIONS'] | EFFECTS_KIND: ['DECREASE_EFFECTS', 'FLUENTS_IN_NUMERIC_ASSIGNMENTS', 'INCREASE_EFFECTS'] | TYPING: ['FLAT_TYPING'] | FLUENTS_TYPE: ['REAL_FLUENTS']",37,PlanGenerationResultStatus.SOLVED_SATISFICING,True,True,24.612678888999653
15,15,0.00012812300519726705,161,0.0005993879985908279,125,0.001353812001980259,46,0.00026038098803837784,1,4.579000233206898e-06,47,0.00023594400590809528,15,0.00016311699982907157,0.00021902099979342893,3.862999801640399e-05,1.5928999346215278e-05,5.9109988796990365e-06,0.00013799099360767286,205,0.0011010329872078728,0.0077117620003264165,direct_upf_node_problem,24.8340740000001,46,1,1.13916015625,281560,281560,47,10,Tamer,24.825312082999517,"PROBLEM_CLASS: ['ACTION_BASED'] | PROBLEM_TYPE: ['GENERAL_NUMERIC_PLANNING'] | TIME: ['CONTINUOUS_TIME'] | EXPRESSION_DURATION: ['REAL_TYPE_DURATIONS', 'INT_TYPE_DURATIONS', 'STATIC_FLUENTS_IN_DURATIONS'] | CONDITIONS_KIND: ['NEGATIVE_CONDITIONS'] | EFFECTS_KIND: ['DECREASE_EFFECTS', 'FLUENTS_IN_NUMERIC_ASSIGNMENTS', 'INCREASE_EFFECTS'] | TYPING: ['FLAT_TYPING'] | FLUENTS_TYPE: ['REAL_FLUENTS']",38,PlanGenerationResultStatus.SOLVED_SATISFICING,True,True,24.83823971700076
15,15,0.00012821000200347044,161,0.0005929459857725305,125,0.0013348650136322249,46,0.00025697699493321124,1,4.237999746692367e-06,47,0.00023707301443209872,15,0.00016723699809517711,0.00021631599884130992,4.0056002035271376e-05,2.0868999854428694e-05,6.692000170005485e-06,0.0001354549985990161,205,0.0007493780049117049,0.006832399998529581,direct_upf_node_problem,24.81666299999995,46,1,1.0908203125,281560,281560,47,10,Tamer,24.80908847399951,"PROBLEM_CLASS: ['ACTION_BASED'] | PROBLEM_TYPE: ['GENERAL_NUMERIC_PLANNING'] | TIME: ['CONTINUOUS_TIME'] | EXPRESSION_DURATION: ['REAL_TYPE_DURATIONS', 'INT_TYPE_DURATIONS', 'STATIC_FLUENTS_IN_DURATIONS'] | CONDITIONS_KIND: ['NEGATIVE_CONDITIONS'] | EFFECTS_KIND: ['DECREASE_EFFECTS', 'FLUENTS_IN_NUMERIC_ASSIGNMENTS', 'INCREASE_EFFECTS'] | TYPING: ['FLAT_TYPING'] | FLUENTS_TYPE: ['REAL_FLUENTS']",39,PlanGenerationResultStatus.SOLVED_SATISFICING,True,True,24.82103639900015
15,15,0.00012737900397041813,161,0.0005878629999642726,125,0.0013670449989149347,46,0.00026569300280243624,1,4.106999767827801e-06,47,0.00023489399791287724,15,0.00016791400048532523,0.00021281000044837128,3.873100286000408e-05,1.8364999050390907e-05,8.216000423999503e-06,0.0001441020031052176,205,0.0007593270001962082,0.006942216999959783,direct_upf_node_problem,24.258883999999966,46,1,1.12744140625,281752,281560,47,10,Tamer,24.251170281999293,"PROBLEM_CLASS: ['ACTION_BASED'] | PROBLEM_TYPE: ['GENERAL_NUMERIC_PLANNING'] | TIME: ['CONTINUOUS_TIME'] | EXPRESSION_DURATION: ['REAL_TYPE_DURATIONS', 'INT_TYPE_DURATIONS', 'STATIC_FLUENTS_IN_DURATIONS'] | CONDITIONS_KIND: ['NEGATIVE_CONDITIONS'] | EFFECTS_KIND: ['DECREASE_EFFECTS', 'FLUENTS_IN_NUMERIC_ASSIGNMENTS', 'INCREASE_EFFECTS'] | TYPING: ['FLAT_TYPING'] | FLUENTS_TYPE: ['REAL_FLUENTS']",40,PlanGenerationResultStatus.SOLVED_SATISFICING,True,True,24.263293064999743
15,15,0.0001254840008186875,161,0.0005786170113424305,125,0.0013341560006665532,46,0.00027045899332733825,1,4.297999112168327e-06,47,0.00022858000556880143,15,0.0001669430002948502,0.0002127799998561386,3.9077000110410154e-05,1.6631000107736327e-05,6.54299947200343e-06,0.0001360079968435457,205,0.0007465150010830257,0.006812663999880897,direct_upf_node_problem,24.077309999999898,46,1,1.1513671875,281752,281752,47,10,Tamer,24.069559987001412,"PROBLEM_CLASS: ['ACTION_BASED'] | PROBLEM_TYPE: ['GENERAL_NUMERIC_PLANNING'] | TIME: ['CONTINUOUS_TIME'] | EXPRESSION_DURATION: ['REAL_TYPE_DURATIONS', 'INT_TYPE_DURATIONS', 'STATIC_FLUENTS_IN_DURATIONS'] | CONDITIONS_KIND: ['NEGATIVE_CONDITIONS'] | EFFECTS_KIND: ['DECREASE_EFFECTS', 'FLUENTS_IN_NUMERIC_ASSIGNMENTS', 'INCREASE_EFFECTS'] | TYPING: ['FLAT_TYPING'] | FLUENTS_TYPE: ['REAL_FLUENTS']",41,PlanGenerationResultStatus.SOLVED_SATISFICING,True,True,24.081547265001063
15,15,0.00013016599768889137,161,0.0005801699917356018,125,0.0020591570046235574,46,0.0002537669970479328,1,4.498000635067001e-06,47,0.00022598899158765562,15,0.00015108399747987278,0.0001452430005883798,3.760999970836565e-05,1.7702999684843235e-05,1.1632000678218901e-05,0.00013067600411886815,205,0.0007559239948022878,0.00746696300120675,direct_upf_node_problem,24.504412000000002,46,1,1.17578125,281752,281752,47,10,Tamer,24.49888965199898,"PROBLEM_CLASS: ['ACTION_BASED'] | PROBLEM_TYPE: ['GENERAL_NUMERIC_PLANNING'] | TIME: ['CONTINUOUS_TIME'] | EXPRESSION_DURATION: ['REAL_TYPE_DURATIONS', 'INT_TYPE_DURATIONS', 'STATIC_FLUENTS_IN_DURATIONS'] | CONDITIONS_KIND: ['NEGATIVE_CONDITIONS'] | EFFECTS_KIND: ['DECREASE_EFFECTS', 'FLUENTS_IN_NUMERIC_ASSIGNMENTS', 'INCREASE_EFFECTS'] | TYPING: ['FLAT_TYPING'] | FLUENTS_TYPE: ['REAL_FLUENTS']",42,PlanGenerationResultStatus.SOLVED_SATISFICING,True,True,24.511440340000263
15,15,0.00013180900168663356,161,0.0005963539952063002,125,0.0013420460036286386,46,0.00026254500153299887,1,4.338000508141704e-06,47,0.0002378510034759529,15,0.000806565996754216,0.00020063800002390053,4.006799645139836e-05,1.6992000382742845e-05,6.48199966235552e-06,0.00014386999646376353,205,0.0007676749992242549,0.00771267500022077,direct_upf_node_problem,24.51362599999993,46,1,1.1728515625,281752,281752,47,10,Tamer,24.506823826999607,"PROBLEM_CLASS: ['ACTION_BASED'] | PROBLEM_TYPE: ['GENERAL_NUMERIC_PLANNING'] | TIME: ['CONTINUOUS_TIME'] | EXPRESSION_DURATION: ['REAL_TYPE_DURATIONS', 'INT_TYPE_DURATIONS', 'STATIC_FLUENTS_IN_DURATIONS'] | CONDITIONS_KIND: ['NEGATIVE_CONDITIONS'] | EFFECTS_KIND: ['DECREASE_EFFECTS', 'FLUENTS_IN_NUMERIC_ASSIGNMENTS', 'INCREASE_EFFECTS'] | TYPING: ['FLAT_TYPING'] | FLUENTS_TYPE: ['REAL_FLUENTS']",43,PlanGenerationResultStatus.SOLVED_SATISFICING,True,True,24.520062206998773
15,15,0.00013177000073483214,161,0.0005811929968331242,125,0.002066549992377986,46,0.00026024700491689146,1,4.9390000640414655e-06,47,0.0002327249985683011,15,0.00015908700152067468,0.0002129399999830639,3.8569001844734885e-05,1.7161999494419433e-05,7.0330006565200165e-06,0.00013537299855670426,205,0.0007463719884981401,0.007615249000082258,direct_upf_node_problem,24.625387000000046,46,1,1.1806640625,281752,281752,47,10,Tamer,24.617207557001166,"PROBLEM_CLASS: ['ACTION_BASED'] | PROBLEM_TYPE: ['GENERAL_NUMERIC_PLANNING'] | TIME: ['CONTINUOUS_TIME'] | EXPRESSION_DURATION: ['REAL_TYPE_DURATIONS', 'INT_TYPE_DURATIONS', 'STATIC_FLUENTS_IN_DURATIONS'] | CONDITIONS_KIND: ['NEGATIVE_CONDITIONS'] | EFFECTS_KIND: ['DECREASE_EFFECTS', 'FLUENTS_IN_NUMERIC_ASSIGNMENTS', 'INCREASE_EFFECTS'] | TYPING: ['FLAT_TYPING'] | FLUENTS_TYPE: ['REAL_FLUENTS']",44,PlanGenerationResultStatus.SOLVED_SATISFICING,True,True,24.6302710330001
15,15,0.00020542899437714368,161,0.0007165740171330981,125,0.0023769919971527997,46,0.0008170250057446538,1,4.327999704401009e-06,47,0.00048111500109371264,15,0.00022408199947676621,0.0012546579982881667,7.80340069468366e-05,1.862499993876554e-05,7.704000381636433e-06,0.00024173600104404613,205,0.0007669729784538504,0.011117509999166941,direct_upf_node_problem,24.64354299999991,46,1,1.1181640625,281752,281752,47,10,Tamer,24.630359409999073,"PROBLEM_CLASS: ['ACTION_BASED'] | PROBLEM_TYPE: ['GENERAL_NUMERIC_PLANNING'] | TIME: ['CONTINUOUS_TIME'] | EXPRESSION_DURATION: ['REAL_TYPE_DURATIONS', 'INT_TYPE_DURATIONS', 'STATIC_FLUENTS_IN_DURATIONS'] | CONDITIONS_KIND: ['NEGATIVE_CONDITIONS'] | EFFECTS_KIND: ['DECREASE_EFFECTS', 'FLUENTS_IN_NUMERIC_ASSIGNMENTS', 'INCREASE_EFFECTS'] | TYPING: ['FLAT_TYPING'] | FLUENTS_TYPE: ['REAL_FLUENTS']",45,PlanGenerationResultStatus.SOLVED_SATISFICING,True,True,24.647950041999138
15,15,0.00020287999723223038,161,0.0007101860210241284,125,0.0023644760040042456,46,0.0007660999981453642,1,4.0979994082590565e-06,47,0.00023534400679636747,15,0.00020701799803646281,0.0004873260004387703,3.8623998989351094e-05,1.9666998923639767e-05,8.525999874109402e-06,0.00018203299805463757,205,0.0007659139955649152,0.009599698001693469,direct_upf_node_problem,24.435332000000017,46,1,1.0771484375,281752,281752,47,10,Tamer,24.424525256999914,"PROBLEM_CLASS: ['ACTION_BASED'] | PROBLEM_TYPE: ['GENERAL_NUMERIC_PLANNING'] | TIME: ['CONTINUOUS_TIME'] | EXPRESSION_DURATION: ['REAL_TYPE_DURATIONS', 'INT_TYPE_DURATIONS', 'STATIC_FLUENTS_IN_DURATIONS'] | CONDITIONS_KIND: ['NEGATIVE_CONDITIONS'] | EFFECTS_KIND: ['DECREASE_EFFECTS', 'FLUENTS_IN_NUMERIC_ASSIGNMENTS', 'INCREASE_EFFECTS'] | TYPING: ['FLAT_TYPING'] | FLUENTS_TYPE: ['REAL_FLUENTS']",46,PlanGenerationResultStatus.SOLVED_SATISFICING,True,True,24.439690141998653
15,15,0.00013130499610269908,161,0.0005970909951429348,125,0.0023241310082084965,46,0.00024133299666573294,1,4.469000487006269e-06,47,0.00022804800755693577,15,0.00017145000128948595,0.000154921999637736,3.802500395977404e-05,1.7332000425085425e-05,7.454000297002494e-06,0.00013897300050302874,205,0.0007606889976159437,0.00789230000009411,direct_upf_node_problem,24.556843999999955,46,1,1.130859375,281752,281752,47,10,Tamer,24.547968717000913,"PROBLEM_CLASS: ['ACTION_BASED'] | PROBLEM_TYPE: ['GENERAL_NUMERIC_PLANNING'] | TIME: ['CONTINUOUS_TIME'] | EXPRESSION_DURATION: ['REAL_TYPE_DURATIONS', 'INT_TYPE_DURATIONS', 'STATIC_FLUENTS_IN_DURATIONS'] | CONDITIONS_KIND: ['NEGATIVE_CONDITIONS'] | EFFECTS_KIND: ['DECREASE_EFFECTS', 'FLUENTS_IN_NUMERIC_ASSIGNMENTS', 'INCREASE_EFFECTS'] | TYPING: ['FLAT_TYPING'] | FLUENTS_TYPE: ['REAL_FLUENTS']",47,PlanGenerationResultStatus.SOLVED_SATISFICING,True,True,24.561044596999636
15,15,0.0001357750024908455,161,0.000593315991864074,125,0.0013324320025276393,46,0.00024997299442475196,1,4.2980009311577305e-06,47,0.00023743400015519,15,0.00019781200353463646,0.00021236900101939682,3.8882997614564374e-05,1.714200152491685e-05,6.862999725854024e-06,0.00014898000881657936,205,0.0007701239865127718,0.0069309039990912424,direct_upf_node_problem,24.46914599999991,46,1,1.0849609375,281752,281752,47,10,Tamer,24.460335759998998,"PROBLEM_CLASS: ['ACTION_BASED'] | PROBLEM_TYPE: ['GENERAL_NUMERIC_PLANNING'] | TIME: ['CONTINUOUS_TIME'] | EXPRESSION_DURATION: ['REAL_TYPE_DURATIONS', 'INT_TYPE_DURATIONS', 'STATIC_FLUENTS_IN_DURATIONS'] | CONDITIONS_KIND: ['NEGATIVE_CONDITIONS'] | EFFECTS_KIND: ['DECREASE_EFFECTS', 'FLUENTS_IN_NUMERIC_ASSIGNMENTS', 'INCREASE_EFFECTS'] | TYPING: ['FLAT_TYPING'] | FLUENTS_TYPE: ['REAL_FLUENTS']",48,PlanGenerationResultStatus.SOLVED_SATISFICING,True,True,24.473241388999668
15,15,0.00012762000187649392,161,0.0005911949956498574,125,0.0013371339973673457,46,0.0002406819949101191,1,4.888999683316797e-06,47,0.00023350000628852285,15,0.00019767200137721375,0.0002223170013166964,3.9596990973223e-05,1.7333000869257376e-05,6.893000318086706e-06,0.00014076699699216988,205,0.0007603030262544053,0.0069251420009095455,direct_upf_node_problem,24.624078000000054,46,1,1.203125,281752,281752,47,10,Tamer,24.615211050999278,"PROBLEM_CLASS: ['ACTION_BASED'] | PROBLEM_TYPE: ['GENERAL_NUMERIC_PLANNING'] | TIME: ['CONTINUOUS_TIME'] | EXPRESSION_DURATION: ['REAL_TYPE_DURATIONS', 'INT_TYPE_DURATIONS', 'STATIC_FLUENTS_IN_DURATIONS'] | CONDITIONS_KIND: ['NEGATIVE_CONDITIONS'] | EFFECTS_KIND: ['DECREASE_EFFECTS', 'FLUENTS_IN_NUMERIC_ASSIGNMENTS', 'INCREASE_EFFECTS'] | TYPING: ['FLAT_TYPING'] | FLUENTS_TYPE: ['REAL_FLUENTS']",49,PlanGenerationResultStatus.SOLVED_SATISFICING,True,True,24.6281861819989
15,15,0.00013064500308246352,161,0.0005897550126974238,125,0.001311935000558151,46,0.0002422030047455337,1,4.378000085125677e-06,47,0.0002362870036449749,15,0.00019979400349257048,0.00022268800057645421,4.537600398180075e-05,1.7152999134850688e-05,6.781998308724724e-06,0.00014577600450138561,205,0.0007511919993703486,0.006947324000066146,direct_upf_node_problem,24.55664999999999,46,1,1.1328125,281752,281752,47,10,Tamer,24.547459383000387,"PROBLEM_CLASS: ['ACTION_BASED'] | PROBLEM_TYPE: ['GENERAL_NUMERIC_PLANNING'] | TIME: ['CONTINUOUS_TIME'] | EXPRESSION_DURATION: ['REAL_TYPE_DURATIONS', 'INT_TYPE_DURATIONS', 'STATIC_FLUENTS_IN_DURATIONS'] | CONDITIONS_KIND: ['NEGATIVE_CONDITIONS'] | EFFECTS_KIND: ['DECREASE_EFFECTS', 'FLUENTS_IN_NUMERIC_ASSIGNMENTS', 'INCREASE_EFFECTS'] | TYPING: ['FLAT_TYPING'] | FLUENTS_TYPE: ['REAL_FLUENTS']",50,PlanGenerationResultStatus.SOLVED_SATISFICING,True,True,24.560443520000263
