cpu_s_delta,domain_bytes,domain_path,file_read_s,loadavg_1m,maxrss_kb_after,maxrss_kb_before,parse_s,plan_action_count,planner,planning_s,problem_bytes,problem_kind,problem_path,run_id,status,success,supports,total_s,validation_s,validation_status
12.091684999999998,17598,/home/lab/upf4ros2_ws/src/UPF4ROS2/upf4ros2_demo/test/pddl/upf_robotics_benchmarks/social_robotics/domain_tamer_complex_integrated.pddl,2.414499977021478e-05,0.95654296875,145524,122048,0.41002758299964626,10,Tamer,11.384784958000637,8297,"PROBLEM_CLASS: ['ACTION_BASED'] | PROBLEM_TYPE: ['GENERAL_NUMERIC_PLANNING'] | TIME: ['CONTINUOUS_TIME'] | EXPRESSION_DURATION: ['INT_TYPE_DURATIONS', 'REAL_TYPE_DURATIONS', 'STATIC_FLUENTS_IN_DURATIONS'] | CONDITIONS_KIND: ['NEGATIVE_CONDITIONS'] | EFFECTS_KIND: ['DECREASE_EFFECTS', 'INCREASE_EFFECTS', 'FLUENTS_IN_NUMERIC_ASSIGNMENTS'] | TYPING: ['FLAT_TYPING'] | FLUENTS_TYPE: ['REAL_FLUENTS']",/home/lab/upf4ros2_ws/src/UPF4ROS2/upf4ros2_demo/test/pddl/upf_robotics_benchmarks/social_robotics/problem_tamer_complex_integrated.pddl,1,PlanGenerationResultStatus.SOLVED_SATISFICING,True,True,12.097265184000207,0.29613177299961535,ValidationResultStatus.VALID
12.055881000000003,17598,/home/lab/upf4ros2_ws/src/UPF4ROS2/upf4ros2_demo/test/pddl/upf_robotics_benchmarks/social_robotics/domain_tamer_complex_integrated.pddl,0.0001354039995931089,1.17578125,149940,145524,0.4473554839996723,10,Tamer,11.416549048999514,8297,"PROBLEM_CLASS: ['ACTION_BASED'] | PROBLEM_TYPE: ['GENERAL_NUMERIC_PLANNING'] | TIME: ['CONTINUOUS_TIME'] | EXPRESSION_DURATION: ['INT_TYPE_DURATIONS', 'REAL_TYPE_DURATIONS', 'STATIC_FLUENTS_IN_DURATIONS'] | CONDITIONS_KIND: ['NEGATIVE_CONDITIONS'] | EFFECTS_KIND: ['DECREASE_EFFECTS', 'INCREASE_EFFECTS', 'FLUENTS_IN_NUMERIC_ASSIGNMENTS'] | TYPING: ['FLAT_TYPING'] | FLUENTS_TYPE: ['REAL_FLUENTS']",/home/lab/upf4ros2_ws/src/UPF4ROS2/upf4ros2_demo/test/pddl/upf_robotics_benchmarks/social_robotics/problem_tamer_complex_integrated.pddl,2,PlanGenerationResultStatus.SOLVED_SATISFICING,True,True,12.059467211000083,0.18997748799938563,ValidationResultStatus.VALID
12.144347999999997,17598,/home/lab/upf4ros2_ws/src/UPF4ROS2/upf4ros2_demo/test/pddl/upf_robotics_benchmarks/social_robotics/domain_tamer_complex_integrated.pddl,0.00011069700030930107,1.29638671875,150324,149940,0.4838560329999382,10,Tamer,11.4624202899995,8297,"PROBLEM_CLASS: ['ACTION_BASED'] | PROBLEM_TYPE: ['GENERAL_NUMERIC_PLANNING'] | TIME: ['CONTINUOUS_TIME'] | EXPRESSION_DURATION: ['INT_TYPE_DURATIONS', 'REAL_TYPE_DURATIONS', 'STATIC_FLUENTS_IN_DURATIONS'] | CONDITIONS_KIND: ['NEGATIVE_CONDITIONS'] | EFFECTS_KIND: ['DECREASE_EFFECTS', 'INCREASE_EFFECTS', 'FLUENTS_IN_NUMERIC_ASSIGNMENTS'] | TYPING: ['FLAT_TYPING'] | FLUENTS_TYPE: ['REAL_FLUENTS']",/home/lab/upf4ros2_ws/src/UPF4ROS2/upf4ros2_demo/test/pddl/upf_robotics_benchmarks/social_robotics/problem_tamer_complex_integrated.pddl,3,PlanGenerationResultStatus.SOLVED_SATISFICING,True,True,12.147826505000012,0.19593660999998974,ValidationResultStatus.VALID
12.267184,17598,/home/lab/upf4ros2_ws/src/UPF4ROS2/upf4ros2_demo/test/pddl/upf_robotics_benchmarks/social_robotics/domain_tamer_complex_integrated.pddl,0.00010612899950501742,1.6005859375,150324,150324,0.49760377900020103,10,Tamer,11.565303974000017,8297,"PROBLEM_CLASS: ['ACTION_BASED'] | PROBLEM_TYPE: ['GENERAL_NUMERIC_PLANNING'] | TIME: ['CONTINUOUS_TIME'] | EXPRESSION_DURATION: ['INT_TYPE_DURATIONS', 'REAL_TYPE_DURATIONS', 'STATIC_FLUENTS_IN_DURATIONS'] | CONDITIONS_KIND: ['NEGATIVE_CONDITIONS'] | EFFECTS_KIND: ['DECREASE_EFFECTS', 'INCREASE_EFFECTS', 'FLUENTS_IN_NUMERIC_ASSIGNMENTS'] | TYPING: ['FLAT_TYPING'] | FLUENTS_TYPE: ['REAL_FLUENTS']",/home/lab/upf4ros2_ws/src/UPF4ROS2/upf4ros2_demo/test/pddl/upf_robotics_benchmarks/social_robotics/problem_tamer_complex_integrated.pddl,4,PlanGenerationResultStatus.SOLVED_SATISFICING,True,True,12.271323578999727,0.20283056500011298,ValidationResultStatus.VALID
12.860041000000002,17598,/home/lab/upf4ros2_ws/src/UPF4ROS2/upf4ros2_demo/test/pddl/upf_robotics_benchmarks/social_robotics/domain_tamer_complex_integrated.pddl,0.00010503700013941852,1.74853515625,150324,150324,0.4945185099995797,10,Tamer,12.0570895689998,8297,"PROBLEM_CLASS: ['ACTION_BASED'] | PROBLEM_TYPE: ['GENERAL_NUMERIC_PLANNING'] | TIME: ['CONTINUOUS_TIME'] | EXPRESSION_DURATION: ['INT_TYPE_DURATIONS', 'REAL_TYPE_DURATIONS', 'STATIC_FLUENTS_IN_DURATIONS'] | CONDITIONS_KIND: ['NEGATIVE_CONDITIONS'] | EFFECTS_KIND: ['DECREASE_EFFECTS', 'INCREASE_EFFECTS', 'FLUENTS_IN_NUMERIC_ASSIGNMENTS'] | TYPING: ['FLAT_TYPING'] | FLUENTS_TYPE: ['REAL_FLUENTS']",/home/lab/upf4ros2_ws/src/UPF4ROS2/upf4ros2_demo/test/pddl/upf_robotics_benchmarks/social_robotics/problem_tamer_complex_integrated.pddl,5,PlanGenerationResultStatus.SOLVED_SATISFICING,True,True,12.866270079999595,0.30907544900037465,ValidationResultStatus.VALID
12.813449999999989,17598,/home/lab/upf4ros2_ws/src/UPF4ROS2/upf4ros2_demo/test/pddl/upf_robotics_benchmarks/social_robotics/domain_tamer_complex_integrated.pddl,0.0001313559996560798,1.853515625,150324,150324,0.5228790439996374,10,Tamer,12.084123184000418,8297,"PROBLEM_CLASS: ['ACTION_BASED'] | PROBLEM_TYPE: ['GENERAL_NUMERIC_PLANNING'] | TIME: ['CONTINUOUS_TIME'] | EXPRESSION_DURATION: ['INT_TYPE_DURATIONS', 'REAL_TYPE_DURATIONS', 'STATIC_FLUENTS_IN_DURATIONS'] | CONDITIONS_KIND: ['NEGATIVE_CONDITIONS'] | EFFECTS_KIND: ['DECREASE_EFFECTS', 'INCREASE_EFFECTS', 'FLUENTS_IN_NUMERIC_ASSIGNMENTS'] | TYPING: ['FLAT_TYPING'] | FLUENTS_TYPE: ['REAL_FLUENTS']",/home/lab/upf4ros2_ws/src/UPF4ROS2/upf4ros2_demo/test/pddl/upf_robotics_benchmarks/social_robotics/problem_tamer_complex_integrated.pddl,6,PlanGenerationResultStatus.SOLVED_SATISFICING,True,True,12.816801630000555,0.20395834200007812,ValidationResultStatus.VALID
12.299173999999994,17598,/home/lab/upf4ros2_ws/src/UPF4ROS2/upf4ros2_demo/test/pddl/upf_robotics_benchmarks/social_robotics/domain_tamer_complex_integrated.pddl,0.0001024409993988229,1.72216796875,150324,150324,0.4608298970006217,10,Tamer,11.564914767000118,8297,"PROBLEM_CLASS: ['ACTION_BASED'] | PROBLEM_TYPE: ['GENERAL_NUMERIC_PLANNING'] | TIME: ['CONTINUOUS_TIME'] | EXPRESSION_DURATION: ['INT_TYPE_DURATIONS', 'REAL_TYPE_DURATIONS', 'STATIC_FLUENTS_IN_DURATIONS'] | CONDITIONS_KIND: ['NEGATIVE_CONDITIONS'] | EFFECTS_KIND: ['DECREASE_EFFECTS', 'INCREASE_EFFECTS', 'FLUENTS_IN_NUMERIC_ASSIGNMENTS'] | TYPING: ['FLAT_TYPING'] | FLUENTS_TYPE: ['REAL_FLUENTS']",/home/lab/upf4ros2_ws/src/UPF4ROS2/upf4ros2_demo/test/pddl/upf_robotics_benchmarks/social_robotics/problem_tamer_complex_integrated.pddl,7,PlanGenerationResultStatus.SOLVED_SATISFICING,True,True,12.302057218999835,0.2707504179998068,ValidationResultStatus.VALID
12.341418000000004,17598,/home/lab/upf4ros2_ws/src/UPF4ROS2/upf4ros2_demo/test/pddl/upf_robotics_benchmarks/social_robotics/domain_tamer_complex_integrated.pddl,0.00011983500007772818,1.697265625,150324,150324,0.41963383900019835,10,Tamer,11.719100406000507,8297,"PROBLEM_CLASS: ['ACTION_BASED'] | PROBLEM_TYPE: ['GENERAL_NUMERIC_PLANNING'] | TIME: ['CONTINUOUS_TIME'] | EXPRESSION_DURATION: ['INT_TYPE_DURATIONS', 'REAL_TYPE_DURATIONS', 'STATIC_FLUENTS_IN_DURATIONS'] | CONDITIONS_KIND: ['NEGATIVE_CONDITIONS'] | EFFECTS_KIND: ['DECREASE_EFFECTS', 'INCREASE_EFFECTS', 'FLUENTS_IN_NUMERIC_ASSIGNMENTS'] | TYPING: ['FLAT_TYPING'] | FLUENTS_TYPE: ['REAL_FLUENTS']",/home/lab/upf4ros2_ws/src/UPF4ROS2/upf4ros2_demo/test/pddl/upf_robotics_benchmarks/social_robotics/problem_tamer_complex_integrated.pddl,8,PlanGenerationResultStatus.SOLVED_SATISFICING,True,True,12.345764329999838,0.2014459470001384,ValidationResultStatus.VALID
12.282263000000015,17598,/home/lab/upf4ros2_ws/src/UPF4ROS2/upf4ros2_demo/test/pddl/upf_robotics_benchmarks/social_robotics/domain_tamer_complex_integrated.pddl,0.00010598899916658411,1.904296875,150324,150324,0.45919752400004654,10,Tamer,11.535124950999489,8297,"PROBLEM_CLASS: ['ACTION_BASED'] | PROBLEM_TYPE: ['GENERAL_NUMERIC_PLANNING'] | TIME: ['CONTINUOUS_TIME'] | EXPRESSION_DURATION: ['INT_TYPE_DURATIONS', 'REAL_TYPE_DURATIONS', 'STATIC_FLUENTS_IN_DURATIONS'] | CONDITIONS_KIND: ['NEGATIVE_CONDITIONS'] | EFFECTS_KIND: ['DECREASE_EFFECTS', 'INCREASE_EFFECTS', 'FLUENTS_IN_NUMERIC_ASSIGNMENTS'] | TYPING: ['FLAT_TYPING'] | FLUENTS_TYPE: ['REAL_FLUENTS']",/home/lab/upf4ros2_ws/src/UPF4ROS2/upf4ros2_demo/test/pddl/upf_robotics_benchmarks/social_robotics/problem_tamer_complex_integrated.pddl,9,PlanGenerationResultStatus.SOLVED_SATISFICING,True,True,12.286345868999888,0.28633767499923124,ValidationResultStatus.VALID
12.249205999999987,17598,/home/lab/upf4ros2_ws/src/UPF4ROS2/upf4ros2_demo/test/pddl/upf_robotics_benchmarks/social_robotics/domain_tamer_complex_integrated.pddl,0.00010123999982170062,1.92626953125,150324,150324,0.42728414300017903,10,Tamer,11.617420016000324,8297,"PROBLEM_CLASS: ['ACTION_BASED'] | PROBLEM_TYPE: ['GENERAL_NUMERIC_PLANNING'] | TIME: ['CONTINUOUS_TIME'] | EXPRESSION_DURATION: ['INT_TYPE_DURATIONS', 'REAL_TYPE_DURATIONS', 'STATIC_FLUENTS_IN_DURATIONS'] | CONDITIONS_KIND: ['NEGATIVE_CONDITIONS'] | EFFECTS_KIND: ['DECREASE_EFFECTS', 'INCREASE_EFFECTS', 'FLUENTS_IN_NUMERIC_ASSIGNMENTS'] | TYPING: ['FLAT_TYPING'] | FLUENTS_TYPE: ['REAL_FLUENTS']",/home/lab/upf4ros2_ws/src/UPF4ROS2/upf4ros2_demo/test/pddl/upf_robotics_benchmarks/social_robotics/problem_tamer_complex_integrated.pddl,10,PlanGenerationResultStatus.SOLVED_SATISFICING,True,True,12.251824473999477,0.20148849700035498,ValidationResultStatus.VALID
12.352506000000005,17598,/home/lab/upf4ros2_ws/src/UPF4ROS2/upf4ros2_demo/test/pddl/upf_robotics_benchmarks/social_robotics/domain_tamer_complex_integrated.pddl,0.0001286409997192095,2.01123046875,150324,150324,0.4733991009998135,10,Tamer,11.586281768000845,8297,"PROBLEM_CLASS: ['ACTION_BASED'] | PROBLEM_TYPE: ['GENERAL_NUMERIC_PLANNING'] | TIME: ['CONTINUOUS_TIME'] | EXPRESSION_DURATION: ['INT_TYPE_DURATIONS', 'REAL_TYPE_DURATIONS', 'STATIC_FLUENTS_IN_DURATIONS'] | CONDITIONS_KIND: ['NEGATIVE_CONDITIONS'] | EFFECTS_KIND: ['DECREASE_EFFECTS', 'INCREASE_EFFECTS', 'FLUENTS_IN_NUMERIC_ASSIGNMENTS'] | TYPING: ['FLAT_TYPING'] | FLUENTS_TYPE: ['REAL_FLUENTS']",/home/lab/upf4ros2_ws/src/UPF4ROS2/upf4ros2_demo/test/pddl/upf_robotics_benchmarks/social_robotics/problem_tamer_complex_integrated.pddl,11,PlanGenerationResultStatus.SOLVED_SATISFICING,True,True,12.35542473500027,0.2901072579998072,ValidationResultStatus.VALID
12.078126999999967,17598,/home/lab/upf4ros2_ws/src/UPF4ROS2/upf4ros2_demo/test/pddl/upf_robotics_benchmarks/social_robotics/domain_tamer_complex_integrated.pddl,0.00010998600009770598,1.78662109375,150324,150324,0.43046998099998746,10,Tamer,11.444143074999374,8297,"PROBLEM_CLASS: ['ACTION_BASED'] | PROBLEM_TYPE: ['GENERAL_NUMERIC_PLANNING'] | TIME: ['CONTINUOUS_TIME'] | EXPRESSION_DURATION: ['INT_TYPE_DURATIONS', 'REAL_TYPE_DURATIONS', 'STATIC_FLUENTS_IN_DURATIONS'] | CONDITIONS_KIND: ['NEGATIVE_CONDITIONS'] | EFFECTS_KIND: ['DECREASE_EFFECTS', 'INCREASE_EFFECTS', 'FLUENTS_IN_NUMERIC_ASSIGNMENTS'] | TYPING: ['FLAT_TYPING'] | FLUENTS_TYPE: ['REAL_FLUENTS']",/home/lab/upf4ros2_ws/src/UPF4ROS2/upf4ros2_demo/test/pddl/upf_robotics_benchmarks/social_robotics/problem_tamer_complex_integrated.pddl,12,PlanGenerationResultStatus.SOLVED_SATISFICING,True,True,12.08181675600008,0.20167095900069398,ValidationResultStatus.VALID
12.232995999999986,17598,/home/lab/upf4ros2_ws/src/UPF4ROS2/upf4ros2_demo/test/pddl/upf_robotics_benchmarks/social_robotics/domain_tamer_complex_integrated.pddl,0.00010537799971643835,1.6650390625,150324,150324,0.48459324699979334,10,Tamer,11.478907526000512,8297,"PROBLEM_CLASS: ['ACTION_BASED'] | PROBLEM_TYPE: ['GENERAL_NUMERIC_PLANNING'] | TIME: ['CONTINUOUS_TIME'] | EXPRESSION_DURATION: ['INT_TYPE_DURATIONS', 'REAL_TYPE_DURATIONS', 'STATIC_FLUENTS_IN_DURATIONS'] | CONDITIONS_KIND: ['NEGATIVE_CONDITIONS'] | EFFECTS_KIND: ['DECREASE_EFFECTS', 'INCREASE_EFFECTS', 'FLUENTS_IN_NUMERIC_ASSIGNMENTS'] | TYPING: ['FLAT_TYPING'] | FLUENTS_TYPE: ['REAL_FLUENTS']",/home/lab/upf4ros2_ws/src/UPF4ROS2/upf4ros2_demo/test/pddl/upf_robotics_benchmarks/social_robotics/problem_tamer_complex_integrated.pddl,13,PlanGenerationResultStatus.SOLVED_SATISFICING,True,True,12.236258335999992,0.26717828500022733,ValidationResultStatus.VALID
12.097849000000025,17598,/home/lab/upf4ros2_ws/src/UPF4ROS2/upf4ros2_demo/test/pddl/upf_robotics_benchmarks/social_robotics/domain_tamer_complex_integrated.pddl,0.00014007300069351913,1.67724609375,150324,150324,0.422673813000074,10,Tamer,11.472433517999889,8297,"PROBLEM_CLASS: ['ACTION_BASED'] | PROBLEM_TYPE: ['GENERAL_NUMERIC_PLANNING'] | TIME: ['CONTINUOUS_TIME'] | EXPRESSION_DURATION: ['INT_TYPE_DURATIONS', 'REAL_TYPE_DURATIONS', 'STATIC_FLUENTS_IN_DURATIONS'] | CONDITIONS_KIND: ['NEGATIVE_CONDITIONS'] | EFFECTS_KIND: ['DECREASE_EFFECTS', 'INCREASE_EFFECTS', 'FLUENTS_IN_NUMERIC_ASSIGNMENTS'] | TYPING: ['FLAT_TYPING'] | FLUENTS_TYPE: ['REAL_FLUENTS']",/home/lab/upf4ros2_ws/src/UPF4ROS2/upf4ros2_demo/test/pddl/upf_robotics_benchmarks/social_robotics/problem_tamer_complex_integrated.pddl,14,PlanGenerationResultStatus.SOLVED_SATISFICING,True,True,12.10152190000008,0.20088178900005005,ValidationResultStatus.VALID
12.896929,17598,/home/lab/upf4ros2_ws/src/UPF4ROS2/upf4ros2_demo/test/pddl/upf_robotics_benchmarks/social_robotics/domain_tamer_complex_integrated.pddl,0.0001020420004351763,1.572265625,150324,150324,0.5571079000001191,10,Tamer,12.04483165900001,8297,"PROBLEM_CLASS: ['ACTION_BASED'] | PROBLEM_TYPE: ['GENERAL_NUMERIC_PLANNING'] | TIME: ['CONTINUOUS_TIME'] | EXPRESSION_DURATION: ['INT_TYPE_DURATIONS', 'REAL_TYPE_DURATIONS', 'STATIC_FLUENTS_IN_DURATIONS'] | CONDITIONS_KIND: ['NEGATIVE_CONDITIONS'] | EFFECTS_KIND: ['DECREASE_EFFECTS', 'INCREASE_EFFECTS', 'FLUENTS_IN_NUMERIC_ASSIGNMENTS'] | TYPING: ['FLAT_TYPING'] | FLUENTS_TYPE: ['REAL_FLUENTS']",/home/lab/upf4ros2_ws/src/UPF4ROS2/upf4ros2_demo/test/pddl/upf_robotics_benchmarks/social_robotics/problem_tamer_complex_integrated.pddl,15,PlanGenerationResultStatus.SOLVED_SATISFICING,True,True,12.903880871999718,0.29613480799980607,ValidationResultStatus.VALID
13.061354999999992,17598,/home/lab/upf4ros2_ws/src/UPF4ROS2/upf4ros2_demo/test/pddl/upf_robotics_benchmarks/social_robotics/domain_tamer_complex_integrated.pddl,0.0001165389994639554,1.73583984375,150324,150324,0.47344843500013667,10,Tamer,12.36897572199996,8297,"PROBLEM_CLASS: ['ACTION_BASED'] | PROBLEM_TYPE: ['GENERAL_NUMERIC_PLANNING'] | TIME: ['CONTINUOUS_TIME'] | EXPRESSION_DURATION: ['INT_TYPE_DURATIONS', 'REAL_TYPE_DURATIONS', 'STATIC_FLUENTS_IN_DURATIONS'] | CONDITIONS_KIND: ['NEGATIVE_CONDITIONS'] | EFFECTS_KIND: ['DECREASE_EFFECTS', 'INCREASE_EFFECTS', 'FLUENTS_IN_NUMERIC_ASSIGNMENTS'] | TYPING: ['FLAT_TYPING'] | FLUENTS_TYPE: ['REAL_FLUENTS']",/home/lab/upf4ros2_ws/src/UPF4ROS2/upf4ros2_demo/test/pddl/upf_robotics_benchmarks/social_robotics/problem_tamer_complex_integrated.pddl,16,PlanGenerationResultStatus.SOLVED_SATISFICING,True,True,13.066174225000395,0.2177945829998862,ValidationResultStatus.VALID
12.969639,17598,/home/lab/upf4ros2_ws/src/UPF4ROS2/upf4ros2_demo/test/pddl/upf_robotics_benchmarks/social_robotics/domain_tamer_complex_integrated.pddl,0.00011874200026795734,1.77685546875,150324,150324,0.5236574850005127,10,Tamer,12.132478196000193,8297,"PROBLEM_CLASS: ['ACTION_BASED'] | PROBLEM_TYPE: ['GENERAL_NUMERIC_PLANNING'] | TIME: ['CONTINUOUS_TIME'] | EXPRESSION_DURATION: ['INT_TYPE_DURATIONS', 'REAL_TYPE_DURATIONS', 'STATIC_FLUENTS_IN_DURATIONS'] | CONDITIONS_KIND: ['NEGATIVE_CONDITIONS'] | EFFECTS_KIND: ['DECREASE_EFFECTS', 'INCREASE_EFFECTS', 'FLUENTS_IN_NUMERIC_ASSIGNMENTS'] | TYPING: ['FLAT_TYPING'] | FLUENTS_TYPE: ['REAL_FLUENTS']",/home/lab/upf4ros2_ws/src/UPF4ROS2/upf4ros2_demo/test/pddl/upf_robotics_benchmarks/social_robotics/problem_tamer_complex_integrated.pddl,17,PlanGenerationResultStatus.SOLVED_SATISFICING,True,True,12.974494428999606,0.3118701430003057,ValidationResultStatus.VALID
13.059159000000022,17598,/home/lab/upf4ros2_ws/src/UPF4ROS2/upf4ros2_demo/test/pddl/upf_robotics_benchmarks/social_robotics/domain_tamer_complex_integrated.pddl,0.0001275590002478566,1.60400390625,150324,150324,0.4874080479994518,10,Tamer,12.348955505000049,8297,"PROBLEM_CLASS: ['ACTION_BASED'] | PROBLEM_TYPE: ['GENERAL_NUMERIC_PLANNING'] | TIME: ['CONTINUOUS_TIME'] | EXPRESSION_DURATION: ['INT_TYPE_DURATIONS', 'REAL_TYPE_DURATIONS', 'STATIC_FLUENTS_IN_DURATIONS'] | CONDITIONS_KIND: ['NEGATIVE_CONDITIONS'] | EFFECTS_KIND: ['DECREASE_EFFECTS', 'INCREASE_EFFECTS', 'FLUENTS_IN_NUMERIC_ASSIGNMENTS'] | TYPING: ['FLAT_TYPING'] | FLUENTS_TYPE: ['REAL_FLUENTS']",/home/lab/upf4ros2_ws/src/UPF4ROS2/upf4ros2_demo/test/pddl/upf_robotics_benchmarks/social_robotics/problem_tamer_complex_integrated.pddl,18,PlanGenerationResultStatus.SOLVED_SATISFICING,True,True,13.062577824000073,0.2196493429992188,ValidationResultStatus.VALID
13.279604000000006,17598,/home/lab/upf4ros2_ws/src/UPF4ROS2/upf4ros2_demo/test/pddl/upf_robotics_benchmarks/social_robotics/domain_tamer_complex_integrated.pddl,0.0001287909999518888,2.15966796875,150516,150324,0.5440124080005262,10,Tamer,12.433294838999245,8297,"PROBLEM_CLASS: ['ACTION_BASED'] | PROBLEM_TYPE: ['GENERAL_NUMERIC_PLANNING'] | TIME: ['CONTINUOUS_TIME'] | EXPRESSION_DURATION: ['INT_TYPE_DURATIONS', 'REAL_TYPE_DURATIONS', 'STATIC_FLUENTS_IN_DURATIONS'] | CONDITIONS_KIND: ['NEGATIVE_CONDITIONS'] | EFFECTS_KIND: ['DECREASE_EFFECTS', 'INCREASE_EFFECTS', 'FLUENTS_IN_NUMERIC_ASSIGNMENTS'] | TYPING: ['FLAT_TYPING'] | FLUENTS_TYPE: ['REAL_FLUENTS']",/home/lab/upf4ros2_ws/src/UPF4ROS2/upf4ros2_demo/test/pddl/upf_robotics_benchmarks/social_robotics/problem_tamer_complex_integrated.pddl,19,PlanGenerationResultStatus.SOLVED_SATISFICING,True,True,13.284280263000255,0.3008769759999268,ValidationResultStatus.VALID
12.683390000000031,17598,/home/lab/upf4ros2_ws/src/UPF4ROS2/upf4ros2_demo/test/pddl/upf_robotics_benchmarks/social_robotics/domain_tamer_complex_integrated.pddl,0.00012200799938000273,2.2890625,150516,150516,0.4689047589999973,10,Tamer,11.996284156000002,8297,"PROBLEM_CLASS: ['ACTION_BASED'] | PROBLEM_TYPE: ['GENERAL_NUMERIC_PLANNING'] | TIME: ['CONTINUOUS_TIME'] | EXPRESSION_DURATION: ['INT_TYPE_DURATIONS', 'REAL_TYPE_DURATIONS', 'STATIC_FLUENTS_IN_DURATIONS'] | CONDITIONS_KIND: ['NEGATIVE_CONDITIONS'] | EFFECTS_KIND: ['DECREASE_EFFECTS', 'INCREASE_EFFECTS', 'FLUENTS_IN_NUMERIC_ASSIGNMENTS'] | TYPING: ['FLAT_TYPING'] | FLUENTS_TYPE: ['REAL_FLUENTS']",/home/lab/upf4ros2_ws/src/UPF4ROS2/upf4ros2_demo/test/pddl/upf_robotics_benchmarks/social_robotics/problem_tamer_complex_integrated.pddl,20,PlanGenerationResultStatus.SOLVED_SATISFICING,True,True,12.687881258000743,0.21662180199928116,ValidationResultStatus.VALID
13.24236099999996,17598,/home/lab/upf4ros2_ws/src/UPF4ROS2/upf4ros2_demo/test/pddl/upf_robotics_benchmarks/social_robotics/domain_tamer_complex_integrated.pddl,0.00011424399963289034,2.29248046875,150516,150516,0.5483526220004933,10,Tamer,12.348985873999482,8297,"PROBLEM_CLASS: ['ACTION_BASED'] | PROBLEM_TYPE: ['GENERAL_NUMERIC_PLANNING'] | TIME: ['CONTINUOUS_TIME'] | EXPRESSION_DURATION: ['INT_TYPE_DURATIONS', 'REAL_TYPE_DURATIONS', 'STATIC_FLUENTS_IN_DURATIONS'] | CONDITIONS_KIND: ['NEGATIVE_CONDITIONS'] | EFFECTS_KIND: ['DECREASE_EFFECTS', 'INCREASE_EFFECTS', 'FLUENTS_IN_NUMERIC_ASSIGNMENTS'] | TYPING: ['FLAT_TYPING'] | FLUENTS_TYPE: ['REAL_FLUENTS']",/home/lab/upf4ros2_ws/src/UPF4ROS2/upf4ros2_demo/test/pddl/upf_robotics_benchmarks/social_robotics/problem_tamer_complex_integrated.pddl,21,PlanGenerationResultStatus.SOLVED_SATISFICING,True,True,13.249448946000484,0.34585294799944677,ValidationResultStatus.VALID
13.163272000000063,17598,/home/lab/upf4ros2_ws/src/UPF4ROS2/upf4ros2_demo/test/pddl/upf_robotics_benchmarks/social_robotics/domain_tamer_complex_integrated.pddl,0.00013982200016471324,2.32763671875,150516,150516,0.48476045000006707,10,Tamer,12.423753776000012,8297,"PROBLEM_CLASS: ['ACTION_BASED'] | PROBLEM_TYPE: ['GENERAL_NUMERIC_PLANNING'] | TIME: ['CONTINUOUS_TIME'] | EXPRESSION_DURATION: ['INT_TYPE_DURATIONS', 'REAL_TYPE_DURATIONS', 'STATIC_FLUENTS_IN_DURATIONS'] | CONDITIONS_KIND: ['NEGATIVE_CONDITIONS'] | EFFECTS_KIND: ['DECREASE_EFFECTS', 'INCREASE_EFFECTS', 'FLUENTS_IN_NUMERIC_ASSIGNMENTS'] | TYPING: ['FLAT_TYPING'] | FLUENTS_TYPE: ['REAL_FLUENTS']",/home/lab/upf4ros2_ws/src/UPF4ROS2/upf4ros2_demo/test/pddl/upf_robotics_benchmarks/social_robotics/problem_tamer_complex_integrated.pddl,22,PlanGenerationResultStatus.SOLVED_SATISFICING,True,True,13.167771129000357,0.2531818530005694,ValidationResultStatus.VALID
13.029390999999976,17598,/home/lab/upf4ros2_ws/src/UPF4ROS2/upf4ros2_demo/test/pddl/upf_robotics_benchmarks/social_robotics/domain_tamer_complex_integrated.pddl,0.00011299200014036614,2.32275390625,150516,150516,0.5383263189996796,10,Tamer,12.157458116999805,8297,"PROBLEM_CLASS: ['ACTION_BASED'] | PROBLEM_TYPE: ['GENERAL_NUMERIC_PLANNING'] | TIME: ['CONTINUOUS_TIME'] | EXPRESSION_DURATION: ['INT_TYPE_DURATIONS', 'REAL_TYPE_DURATIONS', 'STATIC_FLUENTS_IN_DURATIONS'] | CONDITIONS_KIND: ['NEGATIVE_CONDITIONS'] | EFFECTS_KIND: ['DECREASE_EFFECTS', 'INCREASE_EFFECTS', 'FLUENTS_IN_NUMERIC_ASSIGNMENTS'] | TYPING: ['FLAT_TYPING'] | FLUENTS_TYPE: ['REAL_FLUENTS']",/home/lab/upf4ros2_ws/src/UPF4ROS2/upf4ros2_demo/test/pddl/upf_robotics_benchmarks/social_robotics/problem_tamer_complex_integrated.pddl,23,PlanGenerationResultStatus.SOLVED_SATISFICING,True,True,13.03522804899967,0.3334045209994656,ValidationResultStatus.VALID
13.27058500000004,17598,/home/lab/upf4ros2_ws/src/UPF4ROS2/upf4ros2_demo/test/pddl/upf_robotics_benchmarks/social_robotics/domain_tamer_complex_integrated.pddl,0.00013238799965620274,2.263671875,150516,150516,0.5209725679997064,10,Tamer,12.534579103999931,8297,"PROBLEM_CLASS: ['ACTION_BASED'] | PROBLEM_TYPE: ['GENERAL_NUMERIC_PLANNING'] | TIME: ['CONTINUOUS_TIME'] | EXPRESSION_DURATION: ['INT_TYPE_DURATIONS', 'REAL_TYPE_DURATIONS', 'STATIC_FLUENTS_IN_DURATIONS'] | CONDITIONS_KIND: ['NEGATIVE_CONDITIONS'] | EFFECTS_KIND: ['DECREASE_EFFECTS', 'INCREASE_EFFECTS', 'FLUENTS_IN_NUMERIC_ASSIGNMENTS'] | TYPING: ['FLAT_TYPING'] | FLUENTS_TYPE: ['REAL_FLUENTS']",/home/lab/upf4ros2_ws/src/UPF4ROS2/upf4ros2_demo/test/pddl/upf_robotics_benchmarks/social_robotics/problem_tamer_complex_integrated.pddl,24,PlanGenerationResultStatus.SOLVED_SATISFICING,True,True,13.277496249999786,0.2152214739999181,ValidationResultStatus.VALID
13.061583999999982,17598,/home/lab/upf4ros2_ws/src/UPF4ROS2/upf4ros2_demo/test/pddl/upf_robotics_benchmarks/social_robotics/domain_tamer_complex_integrated.pddl,0.00012800000058632577,2.4697265625,150516,150516,0.5305076790000385,10,Tamer,12.221273649000068,8297,"PROBLEM_CLASS: ['ACTION_BASED'] | PROBLEM_TYPE: ['GENERAL_NUMERIC_PLANNING'] | TIME: ['CONTINUOUS_TIME'] | EXPRESSION_DURATION: ['INT_TYPE_DURATIONS', 'REAL_TYPE_DURATIONS', 'STATIC_FLUENTS_IN_DURATIONS'] | CONDITIONS_KIND: ['NEGATIVE_CONDITIONS'] | EFFECTS_KIND: ['DECREASE_EFFECTS', 'INCREASE_EFFECTS', 'FLUENTS_IN_NUMERIC_ASSIGNMENTS'] | TYPING: ['FLAT_TYPING'] | FLUENTS_TYPE: ['REAL_FLUENTS']",/home/lab/upf4ros2_ws/src/UPF4ROS2/upf4ros2_demo/test/pddl/upf_robotics_benchmarks/social_robotics/problem_tamer_complex_integrated.pddl,25,PlanGenerationResultStatus.SOLVED_SATISFICING,True,True,13.069973814999685,0.312165508000362,ValidationResultStatus.VALID
13.242141000000004,17598,/home/lab/upf4ros2_ws/src/UPF4ROS2/upf4ros2_demo/test/pddl/upf_robotics_benchmarks/social_robotics/domain_tamer_complex_integrated.pddl,0.00024252599996543722,2.37109375,150516,150516,0.5353811629993288,10,Tamer,12.488996887000212,8297,"PROBLEM_CLASS: ['ACTION_BASED'] | PROBLEM_TYPE: ['GENERAL_NUMERIC_PLANNING'] | TIME: ['CONTINUOUS_TIME'] | EXPRESSION_DURATION: ['INT_TYPE_DURATIONS', 'REAL_TYPE_DURATIONS', 'STATIC_FLUENTS_IN_DURATIONS'] | CONDITIONS_KIND: ['NEGATIVE_CONDITIONS'] | EFFECTS_KIND: ['DECREASE_EFFECTS', 'INCREASE_EFFECTS', 'FLUENTS_IN_NUMERIC_ASSIGNMENTS'] | TYPING: ['FLAT_TYPING'] | FLUENTS_TYPE: ['REAL_FLUENTS']",/home/lab/upf4ros2_ws/src/UPF4ROS2/upf4ros2_demo/test/pddl/upf_robotics_benchmarks/social_robotics/problem_tamer_complex_integrated.pddl,26,PlanGenerationResultStatus.SOLVED_SATISFICING,True,True,13.248589003000234,0.21772430100008933,ValidationResultStatus.VALID
13.356105999999954,17598,/home/lab/upf4ros2_ws/src/UPF4ROS2/upf4ros2_demo/test/pddl/upf_robotics_benchmarks/social_robotics/domain_tamer_complex_integrated.pddl,0.00011370300035196124,2.4306640625,150516,150516,0.5559040709995315,10,Tamer,12.48311608199947,8297,"PROBLEM_CLASS: ['ACTION_BASED'] | PROBLEM_TYPE: ['GENERAL_NUMERIC_PLANNING'] | TIME: ['CONTINUOUS_TIME'] | EXPRESSION_DURATION: ['INT_TYPE_DURATIONS', 'REAL_TYPE_DURATIONS', 'STATIC_FLUENTS_IN_DURATIONS'] | CONDITIONS_KIND: ['NEGATIVE_CONDITIONS'] | EFFECTS_KIND: ['DECREASE_EFFECTS', 'INCREASE_EFFECTS', 'FLUENTS_IN_NUMERIC_ASSIGNMENTS'] | TYPING: ['FLAT_TYPING'] | FLUENTS_TYPE: ['REAL_FLUENTS']",/home/lab/upf4ros2_ws/src/UPF4ROS2/upf4ros2_demo/test/pddl/upf_robotics_benchmarks/social_robotics/problem_tamer_complex_integrated.pddl,27,PlanGenerationResultStatus.SOLVED_SATISFICING,True,True,13.365316065000115,0.32032334499945136,ValidationResultStatus.VALID
13.385835000000043,17598,/home/lab/upf4ros2_ws/src/UPF4ROS2/upf4ros2_demo/test/pddl/upf_robotics_benchmarks/social_robotics/domain_tamer_complex_integrated.pddl,0.000116076999802317,2.51171875,150516,150516,0.5012516540000433,10,Tamer,12.65945324600034,8297,"PROBLEM_CLASS: ['ACTION_BASED'] | PROBLEM_TYPE: ['GENERAL_NUMERIC_PLANNING'] | TIME: ['CONTINUOUS_TIME'] | EXPRESSION_DURATION: ['INT_TYPE_DURATIONS', 'REAL_TYPE_DURATIONS', 'STATIC_FLUENTS_IN_DURATIONS'] | CONDITIONS_KIND: ['NEGATIVE_CONDITIONS'] | EFFECTS_KIND: ['DECREASE_EFFECTS', 'INCREASE_EFFECTS', 'FLUENTS_IN_NUMERIC_ASSIGNMENTS'] | TYPING: ['FLAT_TYPING'] | FLUENTS_TYPE: ['REAL_FLUENTS']",/home/lab/upf4ros2_ws/src/UPF4ROS2/upf4ros2_demo/test/pddl/upf_robotics_benchmarks/social_robotics/problem_tamer_complex_integrated.pddl,28,PlanGenerationResultStatus.SOLVED_SATISFICING,True,True,13.392411556999832,0.22462863700002345,ValidationResultStatus.VALID
13.441921999999977,17598,/home/lab/upf4ros2_ws/src/UPF4ROS2/upf4ros2_demo/test/pddl/upf_robotics_benchmarks/social_robotics/domain_tamer_complex_integrated.pddl,0.00013606599986815127,2.6943359375,150516,150516,0.5835236459997759,10,Tamer,12.547355127999253,8297,"PROBLEM_CLASS: ['ACTION_BASED'] | PROBLEM_TYPE: ['GENERAL_NUMERIC_PLANNING'] | TIME: ['CONTINUOUS_TIME'] | EXPRESSION_DURATION: ['INT_TYPE_DURATIONS', 'REAL_TYPE_DURATIONS', 'STATIC_FLUENTS_IN_DURATIONS'] | CONDITIONS_KIND: ['NEGATIVE_CONDITIONS'] | EFFECTS_KIND: ['DECREASE_EFFECTS', 'INCREASE_EFFECTS', 'FLUENTS_IN_NUMERIC_ASSIGNMENTS'] | TYPING: ['FLAT_TYPING'] | FLUENTS_TYPE: ['REAL_FLUENTS']",/home/lab/upf4ros2_ws/src/UPF4ROS2/upf4ros2_demo/test/pddl/upf_robotics_benchmarks/social_robotics/problem_tamer_complex_integrated.pddl,29,PlanGenerationResultStatus.SOLVED_SATISFICING,True,True,13.449139098999694,0.31103835299927596,ValidationResultStatus.VALID
13.347870999999941,17598,/home/lab/upf4ros2_ws/src/UPF4ROS2/upf4ros2_demo/test/pddl/upf_robotics_benchmarks/social_robotics/domain_tamer_complex_integrated.pddl,0.000141966999763099,2.546875,150516,150516,0.6329270350006482,10,Tamer,12.490683731999525,8297,"PROBLEM_CLASS: ['ACTION_BASED'] | PROBLEM_TYPE: ['GENERAL_NUMERIC_PLANNING'] | TIME: ['CONTINUOUS_TIME'] | EXPRESSION_DURATION: ['INT_TYPE_DURATIONS', 'REAL_TYPE_DURATIONS', 'STATIC_FLUENTS_IN_DURATIONS'] | CONDITIONS_KIND: ['NEGATIVE_CONDITIONS'] | EFFECTS_KIND: ['DECREASE_EFFECTS', 'INCREASE_EFFECTS', 'FLUENTS_IN_NUMERIC_ASSIGNMENTS'] | TYPING: ['FLAT_TYPING'] | FLUENTS_TYPE: ['REAL_FLUENTS']",/home/lab/upf4ros2_ws/src/UPF4ROS2/upf4ros2_demo/test/pddl/upf_robotics_benchmarks/social_robotics/problem_tamer_complex_integrated.pddl,30,PlanGenerationResultStatus.SOLVED_SATISFICING,True,True,13.35321403800026,0.2235902669999632,ValidationResultStatus.VALID
13.232233999999949,17598,/home/lab/upf4ros2_ws/src/UPF4ROS2/upf4ros2_demo/test/pddl/upf_robotics_benchmarks/social_robotics/domain_tamer_complex_integrated.pddl,0.00013713699991058093,2.46240234375,150516,150516,0.5336876759993174,10,Tamer,12.385281879000104,8297,"PROBLEM_CLASS: ['ACTION_BASED'] | PROBLEM_TYPE: ['GENERAL_NUMERIC_PLANNING'] | TIME: ['CONTINUOUS_TIME'] | EXPRESSION_DURATION: ['INT_TYPE_DURATIONS', 'REAL_TYPE_DURATIONS', 'STATIC_FLUENTS_IN_DURATIONS'] | CONDITIONS_KIND: ['NEGATIVE_CONDITIONS'] | EFFECTS_KIND: ['DECREASE_EFFECTS', 'INCREASE_EFFECTS', 'FLUENTS_IN_NUMERIC_ASSIGNMENTS'] | TYPING: ['FLAT_TYPING'] | FLUENTS_TYPE: ['REAL_FLUENTS']",/home/lab/upf4ros2_ws/src/UPF4ROS2/upf4ros2_demo/test/pddl/upf_robotics_benchmarks/social_robotics/problem_tamer_complex_integrated.pddl,31,PlanGenerationResultStatus.SOLVED_SATISFICING,True,True,13.2361364770004,0.31092351699953724,ValidationResultStatus.VALID
13.219282000000021,17598,/home/lab/upf4ros2_ws/src/UPF4ROS2/upf4ros2_demo/test/pddl/upf_robotics_benchmarks/social_robotics/domain_tamer_complex_integrated.pddl,0.00012091700045857579,2.58837890625,150516,150516,0.5479343880006127,10,Tamer,12.435305873000289,8297,"PROBLEM_CLASS: ['ACTION_BASED'] | PROBLEM_TYPE: ['GENERAL_NUMERIC_PLANNING'] | TIME: ['CONTINUOUS_TIME'] | EXPRESSION_DURATION: ['INT_TYPE_DURATIONS', 'REAL_TYPE_DURATIONS', 'STATIC_FLUENTS_IN_DURATIONS'] | CONDITIONS_KIND: ['NEGATIVE_CONDITIONS'] | EFFECTS_KIND: ['DECREASE_EFFECTS', 'INCREASE_EFFECTS', 'FLUENTS_IN_NUMERIC_ASSIGNMENTS'] | TYPING: ['FLAT_TYPING'] | FLUENTS_TYPE: ['REAL_FLUENTS']",/home/lab/upf4ros2_ws/src/UPF4ROS2/upf4ros2_demo/test/pddl/upf_robotics_benchmarks/social_robotics/problem_tamer_complex_integrated.pddl,32,PlanGenerationResultStatus.SOLVED_SATISFICING,True,True,13.226705521999975,0.2372669300002599,ValidationResultStatus.VALID
13.403384000000074,17598,/home/lab/upf4ros2_ws/src/UPF4ROS2/upf4ros2_demo/test/pddl/upf_robotics_benchmarks/social_robotics/domain_tamer_complex_integrated.pddl,0.0001328389998889179,2.82763671875,150516,150516,0.5825223080000796,10,Tamer,12.50657438899998,8297,"PROBLEM_CLASS: ['ACTION_BASED'] | PROBLEM_TYPE: ['GENERAL_NUMERIC_PLANNING'] | TIME: ['CONTINUOUS_TIME'] | EXPRESSION_DURATION: ['INT_TYPE_DURATIONS', 'REAL_TYPE_DURATIONS', 'STATIC_FLUENTS_IN_DURATIONS'] | CONDITIONS_KIND: ['NEGATIVE_CONDITIONS'] | EFFECTS_KIND: ['DECREASE_EFFECTS', 'INCREASE_EFFECTS', 'FLUENTS_IN_NUMERIC_ASSIGNMENTS'] | TYPING: ['FLAT_TYPING'] | FLUENTS_TYPE: ['REAL_FLUENTS']",/home/lab/upf4ros2_ws/src/UPF4ROS2/upf4ros2_demo/test/pddl/upf_robotics_benchmarks/social_robotics/problem_tamer_complex_integrated.pddl,33,PlanGenerationResultStatus.SOLVED_SATISFICING,True,True,13.410494507000294,0.31551338999997824,ValidationResultStatus.VALID
13.271248000000014,17598,/home/lab/upf4ros2_ws/src/UPF4ROS2/upf4ros2_demo/test/pddl/upf_robotics_benchmarks/social_robotics/domain_tamer_complex_integrated.pddl,0.00012622700069186976,2.6201171875,150516,150516,0.5030227460001697,10,Tamer,12.54556460799995,8297,"PROBLEM_CLASS: ['ACTION_BASED'] | PROBLEM_TYPE: ['GENERAL_NUMERIC_PLANNING'] | TIME: ['CONTINUOUS_TIME'] | EXPRESSION_DURATION: ['INT_TYPE_DURATIONS', 'REAL_TYPE_DURATIONS', 'STATIC_FLUENTS_IN_DURATIONS'] | CONDITIONS_KIND: ['NEGATIVE_CONDITIONS'] | EFFECTS_KIND: ['DECREASE_EFFECTS', 'INCREASE_EFFECTS', 'FLUENTS_IN_NUMERIC_ASSIGNMENTS'] | TYPING: ['FLAT_TYPING'] | FLUENTS_TYPE: ['REAL_FLUENTS']",/home/lab/upf4ros2_ws/src/UPF4ROS2/upf4ros2_demo/test/pddl/upf_robotics_benchmarks/social_robotics/problem_tamer_complex_integrated.pddl,34,PlanGenerationResultStatus.SOLVED_SATISFICING,True,True,13.277868211000168,0.22339516200008802,ValidationResultStatus.VALID
13.228503999999987,17598,/home/lab/upf4ros2_ws/src/UPF4ROS2/upf4ros2_demo/test/pddl/upf_robotics_benchmarks/social_robotics/domain_tamer_complex_integrated.pddl,0.00011739000001398381,2.48193359375,150516,150516,0.5359191519992237,10,Tamer,12.381068163000236,8297,"PROBLEM_CLASS: ['ACTION_BASED'] | PROBLEM_TYPE: ['GENERAL_NUMERIC_PLANNING'] | TIME: ['CONTINUOUS_TIME'] | EXPRESSION_DURATION: ['INT_TYPE_DURATIONS', 'REAL_TYPE_DURATIONS', 'STATIC_FLUENTS_IN_DURATIONS'] | CONDITIONS_KIND: ['NEGATIVE_CONDITIONS'] | EFFECTS_KIND: ['DECREASE_EFFECTS', 'INCREASE_EFFECTS', 'FLUENTS_IN_NUMERIC_ASSIGNMENTS'] | TYPING: ['FLAT_TYPING'] | FLUENTS_TYPE: ['REAL_FLUENTS']",/home/lab/upf4ros2_ws/src/UPF4ROS2/upf4ros2_demo/test/pddl/upf_robotics_benchmarks/social_robotics/problem_tamer_complex_integrated.pddl,35,PlanGenerationResultStatus.SOLVED_SATISFICING,True,True,13.232708634999653,0.3086473070006832,ValidationResultStatus.VALID
13.178709000000026,17598,/home/lab/upf4ros2_ws/src/UPF4ROS2/upf4ros2_demo/test/pddl/upf_robotics_benchmarks/social_robotics/domain_tamer_complex_integrated.pddl,0.00022306000028038397,2.51025390625,150516,150516,0.5369479330001923,10,Tamer,12.405599572000028,8297,"PROBLEM_CLASS: ['ACTION_BASED'] | PROBLEM_TYPE: ['GENERAL_NUMERIC_PLANNING'] | TIME: ['CONTINUOUS_TIME'] | EXPRESSION_DURATION: ['INT_TYPE_DURATIONS', 'REAL_TYPE_DURATIONS', 'STATIC_FLUENTS_IN_DURATIONS'] | CONDITIONS_KIND: ['NEGATIVE_CONDITIONS'] | EFFECTS_KIND: ['DECREASE_EFFECTS', 'INCREASE_EFFECTS', 'FLUENTS_IN_NUMERIC_ASSIGNMENTS'] | TYPING: ['FLAT_TYPING'] | FLUENTS_TYPE: ['REAL_FLUENTS']",/home/lab/upf4ros2_ws/src/UPF4ROS2/upf4ros2_demo/test/pddl/upf_robotics_benchmarks/social_robotics/problem_tamer_complex_integrated.pddl,36,PlanGenerationResultStatus.SOLVED_SATISFICING,True,True,13.183374205000291,0.23444669900072768,ValidationResultStatus.VALID
13.47500100000002,17598,/home/lab/upf4ros2_ws/src/UPF4ROS2/upf4ros2_demo/test/pddl/upf_robotics_benchmarks/social_robotics/domain_tamer_complex_integrated.pddl,0.00012694799988821615,2.431640625,150516,150516,0.623483665999629,10,Tamer,12.548363259000325,8297,"PROBLEM_CLASS: ['ACTION_BASED'] | PROBLEM_TYPE: ['GENERAL_NUMERIC_PLANNING'] | TIME: ['CONTINUOUS_TIME'] | EXPRESSION_DURATION: ['INT_TYPE_DURATIONS', 'REAL_TYPE_DURATIONS', 'STATIC_FLUENTS_IN_DURATIONS'] | CONDITIONS_KIND: ['NEGATIVE_CONDITIONS'] | EFFECTS_KIND: ['DECREASE_EFFECTS', 'INCREASE_EFFECTS', 'FLUENTS_IN_NUMERIC_ASSIGNMENTS'] | TYPING: ['FLAT_TYPING'] | FLUENTS_TYPE: ['REAL_FLUENTS']",/home/lab/upf4ros2_ws/src/UPF4ROS2/upf4ros2_demo/test/pddl/upf_robotics_benchmarks/social_robotics/problem_tamer_complex_integrated.pddl,37,PlanGenerationResultStatus.SOLVED_SATISFICING,True,True,13.48261396900034,0.30464113900052325,ValidationResultStatus.VALID
13.045294999999953,17598,/home/lab/upf4ros2_ws/src/UPF4ROS2/upf4ros2_demo/test/pddl/upf_robotics_benchmarks/social_robotics/domain_tamer_complex_integrated.pddl,0.00014439100050367415,2.40380859375,150516,150516,0.47333132499989006,10,Tamer,12.348420372999499,8297,"PROBLEM_CLASS: ['ACTION_BASED'] | PROBLEM_TYPE: ['GENERAL_NUMERIC_PLANNING'] | TIME: ['CONTINUOUS_TIME'] | EXPRESSION_DURATION: ['INT_TYPE_DURATIONS', 'REAL_TYPE_DURATIONS', 'STATIC_FLUENTS_IN_DURATIONS'] | CONDITIONS_KIND: ['NEGATIVE_CONDITIONS'] | EFFECTS_KIND: ['DECREASE_EFFECTS', 'INCREASE_EFFECTS', 'FLUENTS_IN_NUMERIC_ASSIGNMENTS'] | TYPING: ['FLAT_TYPING'] | FLUENTS_TYPE: ['REAL_FLUENTS']",/home/lab/upf4ros2_ws/src/UPF4ROS2/upf4ros2_demo/test/pddl/upf_robotics_benchmarks/social_robotics/problem_tamer_complex_integrated.pddl,38,PlanGenerationResultStatus.SOLVED_SATISFICING,True,True,13.051566566000474,0.22404790699965815,ValidationResultStatus.VALID
13.164412999999968,17598,/home/lab/upf4ros2_ws/src/UPF4ROS2/upf4ros2_demo/test/pddl/upf_robotics_benchmarks/social_robotics/domain_tamer_complex_integrated.pddl,0.00010786199982248945,2.501953125,150516,150516,0.5276693120003983,10,Tamer,12.328603949999888,8297,"PROBLEM_CLASS: ['ACTION_BASED'] | PROBLEM_TYPE: ['GENERAL_NUMERIC_PLANNING'] | TIME: ['CONTINUOUS_TIME'] | EXPRESSION_DURATION: ['INT_TYPE_DURATIONS', 'REAL_TYPE_DURATIONS', 'STATIC_FLUENTS_IN_DURATIONS'] | CONDITIONS_KIND: ['NEGATIVE_CONDITIONS'] | EFFECTS_KIND: ['DECREASE_EFFECTS', 'INCREASE_EFFECTS', 'FLUENTS_IN_NUMERIC_ASSIGNMENTS'] | TYPING: ['FLAT_TYPING'] | FLUENTS_TYPE: ['REAL_FLUENTS']",/home/lab/upf4ros2_ws/src/UPF4ROS2/upf4ros2_demo/test/pddl/upf_robotics_benchmarks/social_robotics/problem_tamer_complex_integrated.pddl,39,PlanGenerationResultStatus.SOLVED_SATISFICING,True,True,13.168951151999863,0.3067991880006957,ValidationResultStatus.VALID
12.956782000000032,17598,/home/lab/upf4ros2_ws/src/UPF4ROS2/upf4ros2_demo/test/pddl/upf_robotics_benchmarks/social_robotics/domain_tamer_complex_integrated.pddl,0.0001372579999951995,2.619140625,150516,150516,0.5026321539999117,10,Tamer,12.231238016000134,8297,"PROBLEM_CLASS: ['ACTION_BASED'] | PROBLEM_TYPE: ['GENERAL_NUMERIC_PLANNING'] | TIME: ['CONTINUOUS_TIME'] | EXPRESSION_DURATION: ['INT_TYPE_DURATIONS', 'REAL_TYPE_DURATIONS', 'STATIC_FLUENTS_IN_DURATIONS'] | CONDITIONS_KIND: ['NEGATIVE_CONDITIONS'] | EFFECTS_KIND: ['DECREASE_EFFECTS', 'INCREASE_EFFECTS', 'FLUENTS_IN_NUMERIC_ASSIGNMENTS'] | TYPING: ['FLAT_TYPING'] | FLUENTS_TYPE: ['REAL_FLUENTS']",/home/lab/upf4ros2_ws/src/UPF4ROS2/upf4ros2_demo/test/pddl/upf_robotics_benchmarks/social_robotics/problem_tamer_complex_integrated.pddl,40,PlanGenerationResultStatus.SOLVED_SATISFICING,True,True,12.963910330000544,0.2236739049994867,ValidationResultStatus.VALID
13.638673999999924,17598,/home/lab/upf4ros2_ws/src/UPF4ROS2/upf4ros2_demo/test/pddl/upf_robotics_benchmarks/social_robotics/domain_tamer_complex_integrated.pddl,0.00010020899935625494,2.83984375,150516,150516,0.6319927620006638,10,Tamer,12.697999602999516,8297,"PROBLEM_CLASS: ['ACTION_BASED'] | PROBLEM_TYPE: ['GENERAL_NUMERIC_PLANNING'] | TIME: ['CONTINUOUS_TIME'] | EXPRESSION_DURATION: ['INT_TYPE_DURATIONS', 'REAL_TYPE_DURATIONS', 'STATIC_FLUENTS_IN_DURATIONS'] | CONDITIONS_KIND: ['NEGATIVE_CONDITIONS'] | EFFECTS_KIND: ['DECREASE_EFFECTS', 'INCREASE_EFFECTS', 'FLUENTS_IN_NUMERIC_ASSIGNMENTS'] | TYPING: ['FLAT_TYPING'] | FLUENTS_TYPE: ['REAL_FLUENTS']",/home/lab/upf4ros2_ws/src/UPF4ROS2/upf4ros2_demo/test/pddl/upf_robotics_benchmarks/social_robotics/problem_tamer_complex_integrated.pddl,41,PlanGenerationResultStatus.SOLVED_SATISFICING,True,True,13.644596359000388,0.3077547920001962,ValidationResultStatus.VALID
13.559862000000066,17598,/home/lab/upf4ros2_ws/src/UPF4ROS2/upf4ros2_demo/test/pddl/upf_robotics_benchmarks/social_robotics/domain_tamer_complex_integrated.pddl,0.00013249799940240337,2.865234375,150516,150516,0.5491688439997233,10,Tamer,12.79022566399999,8297,"PROBLEM_CLASS: ['ACTION_BASED'] | PROBLEM_TYPE: ['GENERAL_NUMERIC_PLANNING'] | TIME: ['CONTINUOUS_TIME'] | EXPRESSION_DURATION: ['INT_TYPE_DURATIONS', 'REAL_TYPE_DURATIONS', 'STATIC_FLUENTS_IN_DURATIONS'] | CONDITIONS_KIND: ['NEGATIVE_CONDITIONS'] | EFFECTS_KIND: ['DECREASE_EFFECTS', 'INCREASE_EFFECTS', 'FLUENTS_IN_NUMERIC_ASSIGNMENTS'] | TYPING: ['FLAT_TYPING'] | FLUENTS_TYPE: ['REAL_FLUENTS']",/home/lab/upf4ros2_ws/src/UPF4ROS2/upf4ros2_demo/test/pddl/upf_robotics_benchmarks/social_robotics/problem_tamer_complex_integrated.pddl,42,PlanGenerationResultStatus.SOLVED_SATISFICING,True,True,13.565811149000183,0.21990685600030702,ValidationResultStatus.VALID
13.252044999999953,17598,/home/lab/upf4ros2_ws/src/UPF4ROS2/upf4ros2_demo/test/pddl/upf_robotics_benchmarks/social_robotics/domain_tamer_complex_integrated.pddl,0.00014043399914953625,2.75341796875,150516,150516,0.5601633530004619,10,Tamer,12.380386804999944,8297,"PROBLEM_CLASS: ['ACTION_BASED'] | PROBLEM_TYPE: ['GENERAL_NUMERIC_PLANNING'] | TIME: ['CONTINUOUS_TIME'] | EXPRESSION_DURATION: ['INT_TYPE_DURATIONS', 'REAL_TYPE_DURATIONS', 'STATIC_FLUENTS_IN_DURATIONS'] | CONDITIONS_KIND: ['NEGATIVE_CONDITIONS'] | EFFECTS_KIND: ['DECREASE_EFFECTS', 'INCREASE_EFFECTS', 'FLUENTS_IN_NUMERIC_ASSIGNMENTS'] | TYPING: ['FLAT_TYPING'] | FLUENTS_TYPE: ['REAL_FLUENTS']",/home/lab/upf4ros2_ws/src/UPF4ROS2/upf4ros2_demo/test/pddl/upf_robotics_benchmarks/social_robotics/problem_tamer_complex_integrated.pddl,43,PlanGenerationResultStatus.SOLVED_SATISFICING,True,True,13.257371562000117,0.31089058499946987,ValidationResultStatus.VALID
12.915112999999906,17598,/home/lab/upf4ros2_ws/src/UPF4ROS2/upf4ros2_demo/test/pddl/upf_robotics_benchmarks/social_robotics/domain_tamer_complex_integrated.pddl,0.00013139699876774102,2.4443359375,150516,150516,0.5071114489992397,10,Tamer,12.189436229999956,8297,"PROBLEM_CLASS: ['ACTION_BASED'] | PROBLEM_TYPE: ['GENERAL_NUMERIC_PLANNING'] | TIME: ['CONTINUOUS_TIME'] | EXPRESSION_DURATION: ['INT_TYPE_DURATIONS', 'REAL_TYPE_DURATIONS', 'STATIC_FLUENTS_IN_DURATIONS'] | CONDITIONS_KIND: ['NEGATIVE_CONDITIONS'] | EFFECTS_KIND: ['DECREASE_EFFECTS', 'INCREASE_EFFECTS', 'FLUENTS_IN_NUMERIC_ASSIGNMENTS'] | TYPING: ['FLAT_TYPING'] | FLUENTS_TYPE: ['REAL_FLUENTS']",/home/lab/upf4ros2_ws/src/UPF4ROS2/upf4ros2_demo/test/pddl/upf_robotics_benchmarks/social_robotics/problem_tamer_complex_integrated.pddl,44,PlanGenerationResultStatus.SOLVED_SATISFICING,True,True,12.922627908999857,0.2178552570003376,ValidationResultStatus.VALID
13.120891000000142,17598,/home/lab/upf4ros2_ws/src/UPF4ROS2/upf4ros2_demo/test/pddl/upf_robotics_benchmarks/social_robotics/domain_tamer_complex_integrated.pddl,0.00013188599950808566,2.4560546875,150516,150516,0.5372581550000177,10,Tamer,12.281183241999315,8297,"PROBLEM_CLASS: ['ACTION_BASED'] | PROBLEM_TYPE: ['GENERAL_NUMERIC_PLANNING'] | TIME: ['CONTINUOUS_TIME'] | EXPRESSION_DURATION: ['INT_TYPE_DURATIONS', 'REAL_TYPE_DURATIONS', 'STATIC_FLUENTS_IN_DURATIONS'] | CONDITIONS_KIND: ['NEGATIVE_CONDITIONS'] | EFFECTS_KIND: ['DECREASE_EFFECTS', 'INCREASE_EFFECTS', 'FLUENTS_IN_NUMERIC_ASSIGNMENTS'] | TYPING: ['FLAT_TYPING'] | FLUENTS_TYPE: ['REAL_FLUENTS']",/home/lab/upf4ros2_ws/src/UPF4ROS2/upf4ros2_demo/test/pddl/upf_robotics_benchmarks/social_robotics/problem_tamer_complex_integrated.pddl,45,PlanGenerationResultStatus.SOLVED_SATISFICING,True,True,13.12562450599944,0.3009697010002128,ValidationResultStatus.VALID
13.342559999999935,17598,/home/lab/upf4ros2_ws/src/UPF4ROS2/upf4ros2_demo/test/pddl/upf_robotics_benchmarks/social_robotics/domain_tamer_complex_integrated.pddl,0.00012697800048044883,2.44140625,150516,150516,0.49599317599950155,10,Tamer,12.6269061160001,8297,"PROBLEM_CLASS: ['ACTION_BASED'] | PROBLEM_TYPE: ['GENERAL_NUMERIC_PLANNING'] | TIME: ['CONTINUOUS_TIME'] | EXPRESSION_DURATION: ['INT_TYPE_DURATIONS', 'REAL_TYPE_DURATIONS', 'STATIC_FLUENTS_IN_DURATIONS'] | CONDITIONS_KIND: ['NEGATIVE_CONDITIONS'] | EFFECTS_KIND: ['DECREASE_EFFECTS', 'INCREASE_EFFECTS', 'FLUENTS_IN_NUMERIC_ASSIGNMENTS'] | TYPING: ['FLAT_TYPING'] | FLUENTS_TYPE: ['REAL_FLUENTS']",/home/lab/upf4ros2_ws/src/UPF4ROS2/upf4ros2_demo/test/pddl/upf_robotics_benchmarks/social_robotics/problem_tamer_complex_integrated.pddl,46,PlanGenerationResultStatus.SOLVED_SATISFICING,True,True,13.349648807999984,0.22064607399988745,ValidationResultStatus.VALID
13.276673000000073,17598,/home/lab/upf4ros2_ws/src/UPF4ROS2/upf4ros2_demo/test/pddl/upf_robotics_benchmarks/social_robotics/domain_tamer_complex_integrated.pddl,0.00011534499935805798,2.3427734375,150516,150516,0.5771370829997977,10,Tamer,12.380813104000481,8297,"PROBLEM_CLASS: ['ACTION_BASED'] | PROBLEM_TYPE: ['GENERAL_NUMERIC_PLANNING'] | TIME: ['CONTINUOUS_TIME'] | EXPRESSION_DURATION: ['INT_TYPE_DURATIONS', 'REAL_TYPE_DURATIONS', 'STATIC_FLUENTS_IN_DURATIONS'] | CONDITIONS_KIND: ['NEGATIVE_CONDITIONS'] | EFFECTS_KIND: ['DECREASE_EFFECTS', 'INCREASE_EFFECTS', 'FLUENTS_IN_NUMERIC_ASSIGNMENTS'] | TYPING: ['FLAT_TYPING'] | FLUENTS_TYPE: ['REAL_FLUENTS']",/home/lab/upf4ros2_ws/src/UPF4ROS2/upf4ros2_demo/test/pddl/upf_robotics_benchmarks/social_robotics/problem_tamer_complex_integrated.pddl,47,PlanGenerationResultStatus.SOLVED_SATISFICING,True,True,13.283475102000011,0.31867599399993196,ValidationResultStatus.VALID
13.22139500000003,17598,/home/lab/upf4ros2_ws/src/UPF4ROS2/upf4ros2_demo/test/pddl/upf_robotics_benchmarks/social_robotics/domain_tamer_complex_integrated.pddl,0.00013190800018492155,4.2919921875,150516,150516,0.5145500560001892,10,Tamer,12.488564526000118,8297,"PROBLEM_CLASS: ['ACTION_BASED'] | PROBLEM_TYPE: ['GENERAL_NUMERIC_PLANNING'] | TIME: ['CONTINUOUS_TIME'] | EXPRESSION_DURATION: ['INT_TYPE_DURATIONS', 'REAL_TYPE_DURATIONS', 'STATIC_FLUENTS_IN_DURATIONS'] | CONDITIONS_KIND: ['NEGATIVE_CONDITIONS'] | EFFECTS_KIND: ['DECREASE_EFFECTS', 'INCREASE_EFFECTS', 'FLUENTS_IN_NUMERIC_ASSIGNMENTS'] | TYPING: ['FLAT_TYPING'] | FLUENTS_TYPE: ['REAL_FLUENTS']",/home/lab/upf4ros2_ws/src/UPF4ROS2/upf4ros2_demo/test/pddl/upf_robotics_benchmarks/social_robotics/problem_tamer_complex_integrated.pddl,48,PlanGenerationResultStatus.SOLVED_SATISFICING,True,True,13.227062060000208,0.21737244999985705,ValidationResultStatus.VALID
13.698714999999993,17598,/home/lab/upf4ros2_ws/src/UPF4ROS2/upf4ros2_demo/test/pddl/upf_robotics_benchmarks/social_robotics/domain_tamer_complex_integrated.pddl,0.00020483500065893168,3.642578125,150516,150516,0.5315561050001634,10,Tamer,12.844620959000167,8297,"PROBLEM_CLASS: ['ACTION_BASED'] | PROBLEM_TYPE: ['GENERAL_NUMERIC_PLANNING'] | TIME: ['CONTINUOUS_TIME'] | EXPRESSION_DURATION: ['INT_TYPE_DURATIONS', 'REAL_TYPE_DURATIONS', 'STATIC_FLUENTS_IN_DURATIONS'] | CONDITIONS_KIND: ['NEGATIVE_CONDITIONS'] | EFFECTS_KIND: ['DECREASE_EFFECTS', 'INCREASE_EFFECTS', 'FLUENTS_IN_NUMERIC_ASSIGNMENTS'] | TYPING: ['FLAT_TYPING'] | FLUENTS_TYPE: ['REAL_FLUENTS']",/home/lab/upf4ros2_ws/src/UPF4ROS2/upf4ros2_demo/test/pddl/upf_robotics_benchmarks/social_robotics/problem_tamer_complex_integrated.pddl,49,PlanGenerationResultStatus.SOLVED_SATISFICING,True,True,13.707782289000534,0.32512761900034093,ValidationResultStatus.VALID
13.793763000000013,17598,/home/lab/upf4ros2_ws/src/UPF4ROS2/upf4ros2_demo/test/pddl/upf_robotics_benchmarks/social_robotics/domain_tamer_complex_integrated.pddl,0.00012566599980345927,3.66650390625,150516,150516,0.5097879110007852,10,Tamer,13.061372572999971,8297,"PROBLEM_CLASS: ['ACTION_BASED'] | PROBLEM_TYPE: ['GENERAL_NUMERIC_PLANNING'] | TIME: ['CONTINUOUS_TIME'] | EXPRESSION_DURATION: ['INT_TYPE_DURATIONS', 'REAL_TYPE_DURATIONS', 'STATIC_FLUENTS_IN_DURATIONS'] | CONDITIONS_KIND: ['NEGATIVE_CONDITIONS'] | EFFECTS_KIND: ['DECREASE_EFFECTS', 'INCREASE_EFFECTS', 'FLUENTS_IN_NUMERIC_ASSIGNMENTS'] | TYPING: ['FLAT_TYPING'] | FLUENTS_TYPE: ['REAL_FLUENTS']",/home/lab/upf4ros2_ws/src/UPF4ROS2/upf4ros2_demo/test/pddl/upf_robotics_benchmarks/social_robotics/problem_tamer_complex_integrated.pddl,50,PlanGenerationResultStatus.SOLVED_SATISFICING,True,True,13.798548298000242,0.2200582999994367,ValidationResultStatus.VALID
